-0.4444945899999979,0.12241065000000262,-0.26620913,-0.9940702800000025,-0.11055866000000236,-0.008452300000001856,-0.20135913000000016,-0.1718500899999995,-0.4207552800000016,-0.11320616000000072,0.08720815999999942,0.15825952000000143,-1.1306307199999992,-0.5698576200000005,0.06118805999999921,-0.3824710799999984,-0.0005138199999983328,-0.7245931200000015,-0.5197985899999971,-0.2378590700000025,0.1734354100000033,1.1628070000000008,0.7321416000000021,0.8301836700000003,0.007873809999999537,0.9572985199999984,0.7412294399999979,0.4044975099999988,0.6511625100000025,-0.38014478000000196,-0.9382890400000008,-0.7228885900000002,-0.40525175000000146,-0.2269129800000016,-1.1896934699999981,1.1824997100000019,0.3199382700000015,-0.0047196900000017195,-0.5265421000000003,-0.05172746999999944,0.28250227000000194,0.8976333200000006,-0.4048631900000004,-0.28010770000000207,-0.3148237100000024,-0.3265051999999997,-0.8583103099999967,-0.21175719000000015,-0.49535571999999917,-0.7404133299999991,0.2876465699999997,-0.22050079000000267,0.828411759999998,0.7444396299999987,0.4820118200000003,0.3441927299999996,1.4091881599999994,0.9026221000000021,0.1408596299999978,-1.0892696999999991,-0.4096643499999999,-0.900895430000002,-0.038473660000001075,0.4520059200000013,0.8020652199999994,-0.125728340000002,-0.4846009000000002,0.21090848999999778,-1.0162532499999983,1.0464981599999987,-0.5464196199999982,-0.1504148900000004,-0.5475408299999991,0.25105738000000244,-0.05876441000000199,0.5032386299999985,0.6080447999999983,1.0797236900000016,-0.961407310000002,-0.5853895799999975,0.5081439900000007,-0.5363123399999985,-0.2148555399999985,-0.17181237999999865,-0.44565034000000026,0.37373078999999976,-0.2324896900000013,-0.09924356000000145,0.07456114000000014,-0.52793037,0.6398742200000029,1.0228456199999982,-0.4133979100000005,-0.00915687000000176,-0.1993120200000007,-0.665438009999999,0.18057521999999793,-0.33804418999999797,1.0611926000000018,-0.7288223800000004,-0.47519519999999815,-0.040874119999998015,0.7322119600000008,0.44104454000000004,0.2470619400000018,0.07641918000000203,0.9634751900000005,0.09147922000000008,0.25939122000000125,-0.6362443600000027,0.13921685999999767,0.13859271999999834,-0.7289544200000009,0.41850344999999933,1.133118249999999,-0.42729076999999904,-0.41736306153022795,0.0,0.0,0.0,0.0,0.0,0.0,0.0,0.0,0.0,0.0,0.0,0.0,0.0,0.0,0.0,0.0,0.0,0.0,0.0,0.005945494254613855
-0.20618261999999987,-0.3497230699999996,-4.800000006355276e-07,-0.17661477000000048,-0.035919859999999915,0.15031607999999963,-0.2077286600000008,-0.5582048399999984,-0.05322308999999947,0.11186040000000119,0.029657130000000365,-0.06413290999999788,-0.5417888399999988,-0.07001172999999739,-0.6299218400000015,0.16932455999999974,-0.3801916599999977,-0.26196616000000006,-0.6162493299999987,-0.035042190000002194,-0.41854751999999706,0.6657337299999995,-0.034612719999998376,0.013010319999999354,-0.07721453999999994,-0.7628902100000019,-0.5616738300000002,0.07726862999999895,-0.2672630199999979,0.6092079799999972,-0.4411004399999996,-0.4214626999999993,0.09495312999999683,0.01348523000000057,0.10683386000000183,0.518167290000001,0.2876979300000002,0.08246487999999985,-0.2606480399999995,-0.7080231899999987,0.19926605000000208,0.821397730000001,0.48062493000000117,0.185555879999999,-0.04906466999999992,-1.0813926999999985,0.034063490000001195,0.4927053299999997,-1.1878841400000013,-0.04196857999999892,-0.2973159299999999,-0.26530859000000007,-0.40096709000000175,0.1340918199999983,-0.24644228000000012,0.16635386000000096,-0.4144947799999983,-0.1517918999999992,-0.12217477000000088,-0.6565770400000019,-0.13198369000000199,0.4509301299999997,-0.09142253999999994,0.09364765000000119,-0.14584626999999983,-0.5634189700000007,-1.2985628700000014,0.25912632,-0.0682666300000001,0.4695729799999988,0.10360842000000048,-0.3526037399999993,-0.045281599999999145,-0.6731380899999984,-0.07215378000000072,-0.40752944000000113,0.023082299999998668,-0.5550489700000014,0.06470238999999722,-0.2894542299999969,0.699892890000001,-0.4831286900000009,-0.12306305999999978,0.37439540000000093,0.27947133999999707,-0.2549264600000001,-0.0971378300000012,-0.382684440000002,0.22494284000000064,-0.18160561999999913,-1.1714770899999998,0.31413157999999797,0.2018471599999998,0.243116839999999,0.05478925999999973,-0.22068628999999973,0.04730868999999771,0.08104014000000248,-0.37367301000000097,0.11548018999999954,0.15639694000000048,-0.4951329299999969,-0.11864459999999966,0.4358896599999973,-0.6436512999999984,0.12826461000000222,-0.0048159500000011235,0.18670224999999974,-0.20897068999999746,-0.15216083000000324,-0.1738651200000021,-0.17925157999999897,-0.2138401899999991,0.1699270999999989,0.1117334200000002,0.10246623000000099,0.0,-0.3361299256786195,0.0,0.0,0.0,0.0,0.0,0.0,0.0,0.0,0.0,0.0,0.0,0.0,0.0,0.0,0.0,0.0,0.0,0.0,0.18310409321914645
-0.6022154499999992,-0.026672689999998056,-0.13856131000000005,0.17848018999999837,0.08048962999999887,0.0033662200000001974,-0.26635638999999856,-0.38701818999999915,-0.6501025499999997,0.055826360000001074,0.05460349000000164,0.08787019000000029,-0.6827044399999984,-0.42011049999999983,-0.312837720000001,-0.12373681000000047,-0.3513206199999992,-0.5097606900000002,-0.6707906899999969,-0.09788306000000091,0.20118040000000192,0.6961073800000008,0.8012748500000022,0.5162782200000002,-0.24692504999999798,-0.2652202199999998,0.55767509,-0.7016039200000002,0.5001381900000013,-0.21968011000000232,-0.46015812999999994,-0.6742655999999982,-0.733022560000002,-0.08365592999999905,-0.4949371499999984,1.2038022300000009,-1.3114899999999992,0.19382599000000056,-0.5438200900000005,-0.41849362999999684,0.42497735999999975,-0.46736350000000115,-0.42039706999999993,-0.14886316000000122,-0.3732629299999992,-0.1540379999999999,-0.48545163,-0.1336770900000026,-1.2703007799999995,-0.10174980999999761,-0.5389766800000011,-1.1642566800000012,0.4555642000000013,0.9279692299999986,0.21041540000000225,0.2360628300000016,0.7833533700000004,0.7640512800000003,0.5474848899999998,-0.8891018499999994,-0.7440512600000027,-0.30734790000000345,-0.9724232700000002,0.46160023000000194,-0.24100350000000148,-0.5811783599999991,-0.7774821600000017,0.19375604999999751,-0.7689711899999985,1.1920390000000012,0.06038355000000095,0.08325746000000223,-0.7601569999999995,-1.116782999999998,-0.09931120000000249,0.38332915999999884,0.718227719999998,0.9213866599999996,-0.9967192800000007,-0.6561039399999977,0.8994891299999992,-1.0721257099999981,-0.3356077000000006,0.30039482000000106,-1.1292949300000004,0.4873326099999993,-0.20129507000000046,0.06610728999999793,-1.3230910700000003,-0.5676140700000012,0.5300396599999999,0.7764077199999981,-0.12329525999999902,0.19606827000000138,-0.11625627999999821,-0.9340006099999982,0.04730868999999771,-0.1555661399999977,0.5773101199999999,-0.8812452800000017,0.14648147000000122,-0.17093466999999762,-0.6780720100000011,1.8232652199999997,0.2359428500000007,0.20929106000000175,0.6644839100000013,0.03412806000000046,-0.019803889999998603,-0.60481506,-0.36202501,-0.11262795000000025,0.18168937000000085,0.3107896299999986,1.133118249999999,-0.7091582799999969,0.0,0.0,-0.13768131038490192,0.0,0.0,0.0,0.0,0.0,0.0,0.0,0.0,0.0,0.0,0.0,0.0,0.0,0.0,0.0,0.0,0.0,0.32558975930556605
-0.6100491099999985,-0.6900116999999995,0.04679373000000098,-0.947527700000002,0.05794707000000088,0.09616030999999836,-0.4887488100000006,-0.7655298100000003,0.5423854800000001,0.06295079999999942,-0.09282686999999967,-0.07877968000000024,-0.07520886000000004,-0.03069881000000052,-0.46268592999999925,0.18679273000000052,-0.7233949699999975,0.09111558999999758,-0.36665816999999734,-0.02796436000000213,0.2057531300000015,-0.2213830399999992,-0.07594823999999889,0.11988228999999961,0.6876971199999993,-0.09953270000000103,-0.39806260000000293,0.14639298999999895,-0.1984572199999981,0.2872798799999998,-0.15607946000000084,-0.5563922800000007,0.5007720999999989,-0.13479478,0.06243247000000096,0.048730060000000464,0.06801988999999864,0.08246487999999985,0.9266305300000006,-5.041000000005624e-05,-0.20286575999999812,0.7170610699999997,0.2669182400000025,-0.5569479000000008,0.013091809999998816,-0.7288762799999979,0.2464638600000022,-0.10593210000000042,-0.7626099199999992,-0.6646859999999997,-0.3299821200000004,-0.19860819000000163,0.05208372999999966,-0.16875553999999937,-0.6826007999999995,0.2016293400000002,0.040003850000001506,0.03751279000000096,0.16305537999999942,-0.57034904,0.15475655999999915,0.2758365299999994,-0.06470520000000235,0.10114692000000147,-0.36653438000000094,-0.07748061000000206,-0.8758552500000008,-0.12031366000000077,-0.020345999999999975,-0.19043834000000004,0.5901593500000004,-0.19550277000000094,0.1592815800000018,-0.8018458799999983,0.21643538000000007,0.5032386299999985,0.18535372999999922,-0.5108903399999996,-0.1792451700000015,-0.9496031299999999,0.13688928999999916,-0.5123872600000006,-0.6124478999999994,0.2223922999999992,-0.18094049000000112,-0.3006636699999987,-0.3052460299999993,0.03020148999999961,0.15897028999999918,-0.14684019999999975,-0.13005716999999706,0.76219386,-0.019831939999999548,0.5100035699999985,-0.1993120200000007,-0.031025069999998323,0.12653537999999998,-0.04559329999999662,-0.18461253999999983,-0.4333247300000025,-0.710518829999998,0.19566248000000286,-0.19264517999999953,0.7731281199999991,0.17902442000000107,0.16784166000000056,-0.5706061399999989,-0.025996360000000607,0.040950139999999635,-0.2965474300000004,-0.818176280000003,-0.45939024000000117,-0.6990680400000002,0.15754336999999907,-0.14673031000000236,-0.9009484299999997,0.0,0.0,0.0,-0.7386617404998198,0.0,0.0,0.0,0.0,0.0,0.0,0.0,0.0,0.0,0.0,0.0,0.0,0.0,0.0,0.0,0.0,0.013229548889948354
-0.3430900000000001,0.03697000000000017,-0.07594999999999885,0.1520099999999971,-0.23029999999999973,0.010079999999998535,-0.12703999999999738,-0.07928000000000068,-0.40785999999999945,0.04147000000000034,0.033840000000001424,0.027609999999999246,-0.8820000000000014,-0.3899499999999989,-0.19487000000000165,-0.6241199999999978,-0.2801799999999979,-0.06348000000000198,-0.34431999999999974,-0.2515300000000025,0.5203600000000002,0.9440299999999979,0.6968800000000002,0.8647500000000008,-0.05206000000000088,-0.024240000000002482,0.5060099999999998,-1.4385699999999986,0.6499800000000029,-0.44524000000000186,-1.2750599999999999,-0.7611600000000003,-0.35418000000000305,-0.40379000000000076,-0.0008599999999994168,1.2888300000000008,0.40504999999999924,0.20749999999999957,-0.7094100000000019,-0.7486999999999995,0.28440000000000154,0.990079999999999,-0.20667999999999864,0.12631999999999977,-0.1721199999999996,-1.1205599999999976,-0.012059999999998183,-0.6151900000000019,-1.4830600000000018,0.08045000000000258,-0.4807600000000001,-0.019059999999999633,0.0874600000000001,0.6989999999999981,0.5649499999999996,0.1946399999999997,0.6118699999999997,0.5946999999999996,0.5347699999999982,-0.9973799999999997,-0.36790000000000234,-0.965440000000001,-0.3171900000000001,0.4812000000000012,0.7032899999999991,0.600950000000001,-0.2261000000000024,-0.023570000000002977,-0.93675,1.31757,-0.39658000000000015,0.12314999999999898,0.2177100000000003,-0.4883600000000001,-0.35755999999999943,-0.5637900000000009,0.30319000000000074,1.1796000000000006,-0.696390000000001,-0.5366199999999992,1.0153500000000015,-0.8871900000000004,-0.036760000000001014,-0.05444999999999922,-0.05371000000000237,0.5524400000000007,-0.16322999999999865,-0.343510000000002,0.24908999999999892,-0.43063000000000073,0.5061600000000013,0.9743500000000012,-0.034890000000000754,-0.445800000000002,-0.28744000000000014,0.10838000000000036,-0.22039000000000186,-0.2668799999999969,0.5022100000000016,-0.43932000000000215,-0.2390100000000004,-0.5180299999999995,-0.22002000000000166,1.049349999999997,0.8199700000000014,0.29632000000000147,0.8073599999999992,0.27590999999999966,-0.18640999999999863,-0.45903000000000205,0.001959999999996853,0.02628999999999948,0.19510999999999967,0.3548399999999994,1.1841899999999974,-0.6620499999999971,0.0,0.0,0.0,0.0,-0.2263130063233555,0.0,0.0,0.0,0.0,0.0,0.0,0.0,0.0,0.0,0.0,0.0,0.0,0.0,0.0,0.0,0.1725704687301443
-0.8211399999999998,0.14051000000000258,-0.3648399999999974,0.31836999999999804,0.13534999999999897,-0.061990000000001544,-0.34843000000000046,-0.26148999999999845,-0.7958400000000019,0.04626999999999981,0.06691999999999965,0.14571000000000112,-0.5849900000000012,-0.7624999999999993,-0.3994900000000001,-0.22090000000000032,-0.3121399999999994,-0.47728000000000037,-0.711789999999997,-0.16877000000000209,-0.2400500000000001,1.5205400000000004,1.0187300000000015,0.8275000000000006,0.1497300000000017,-0.024240000000002482,0.6214899999999979,-0.3525999999999989,0.6284000000000027,-0.1277600000000021,-0.7841500000000003,-1.0881000000000007,-0.8671100000000003,-0.21901000000000082,-0.3934800000000003,1.0696399999999997,-0.5398400000000017,0.36222000000000065,-0.3263999999999996,-1.0482099999999974,0.22491000000000128,0.23308000000000106,-0.3629899999999999,0.10015999999999892,-0.70017,0.1501700000000028,-0.39735999999999905,-0.24883000000000166,-1.3725400000000008,-0.026089999999999947,-1.147470000000002,-0.818760000000001,0.6938899999999997,0.8364999999999974,0.2510600000000025,0.3025599999999997,0.42698000000000036,0.7373800000000017,0.42883999999999745,-0.6046800000000019,-1.7534000000000027,-0.09241000000000099,-0.4948200000000007,0.7109300000000012,0.03652999999999906,-0.18263999999999925,0.0476700000000001,0.24860999999999933,-0.8650699999999993,1.147639999999999,-0.3025999999999982,-0.05829999999999913,-0.37398999999999916,-0.9865700000000004,-0.2623999999999995,-0.653690000000001,0.8205899999999993,0.9328800000000008,-0.7776899999999998,-0.48054999999999737,0.7406900000000007,-0.5691300000000012,-0.13297999999999988,0.4447800000000015,-0.838510000000003,0.18137000000000114,-0.3906400000000012,-0.026839999999999975,-0.5811600000000006,-0.43063000000000073,0.5577600000000018,-0.05500999999999934,-0.15035999999999916,0.06253999999999849,-0.1263799999999975,-0.3846600000000002,-0.12553000000000125,-0.012879999999999114,0.36599999999999966,-0.432260000000003,0.08550999999999931,-0.2170299999999976,0.2795500000000004,0.9795599999999993,0.19347000000000136,0.1980700000000013,0.35050000000000026,0.30501999999999896,0.008720000000000283,-0.7258500000000012,-0.4403400000000026,0.1254400000000011,0.09843000000000046,-0.20487999999999928,1.0111299999999979,-0.5941399999999994,0.0,0.0,0.0,0.0,0.0,-0.06191071763015658,0.0,0.0,0.0,0.0,0.0,0.0,0.0,0.0,0.0,0.0,0.0,0.0,0.0,0.0,0.2513004373468035
-0.6048200000000001,-0.33575999999999695,0.3208699999999993,0.11958999999999875,-0.060369999999998925,-0.025510000000000588,-0.1699300000000008,-0.33744000000000085,-0.35053127200000134,0.09110000000000085,0.05460000000000065,-0.25885999999999854,-0.3859300000000019,-1.900459999999999,-0.7918100000000017,-0.49950999999999723,-0.4649599999999978,-0.6926900000000025,-0.805769999999999,-0.24605000000000032,0.11629000000000289,1.041879999999999,-1.1329899999999995,1.4235800000000012,-0.27106999999999815,-0.9844800000000014,-1.0,-1.5299900000000015,1.0664600000000029,-0.05822000000000216,-0.1619099999999989,-1.7770499999999991,-0.7481400000000029,-2.1503200000000007,-1.2347499999999982,-0.1599800000000009,-1.5572599999999994,-1.5662200000000013,1.0382399999999983,0.5580500000000015,0.07545999999999964,0.5106099999999998,-0.7452599999999983,-1.4681800000000003,-0.7289500000000011,0.08280000000000243,0.5882500000000022,-0.3397800000000011,-0.5827500000000008,-0.7404099999999971,-1.4014699999999998,-0.48089000000000226,-0.9075600000000001,0.3842599999999976,0.0,-0.10814999999999841,1.1733000000000011,-0.5253799999999984,-0.4953300000000027,-0.524910000000002,0.14559999999999818,0.06425999999999732,1.0558499999999995,1.257390000000001,0.1984199999999987,0.7310099999999977,-0.3291800000000009,0.424789999999998,-1.9328799999999973,0.7525100000000009,-0.9562899999999992,-0.44876000000000005,-0.21585999999999927,-0.7089099999999995,-2.729980000000001,-0.09060000000000201,-1.206310000000002,0.33063999999999893,-0.5865500000000026,-1.9109899999999982,0.19533999999999807,-2.608270000000001,-2.5367800000000003,-0.5879000000000012,-0.22659000000000162,-1.956789999999998,-3.3836200000000005,-0.775780000000001,-0.31307999999999936,-2.398669999999999,-0.14029999999999987,-0.9095300000000002,-1.9427999999999983,0.4104700000000001,-0.04730999999999952,-0.12831999999999866,-1.2084900000000012,-0.2591899999999967,0.5951400000000007,-1.8035700000000006,-0.3329899999999988,-1.5808199999999992,-1.5897199999999998,0.61843,-0.6853200000000008,-2.3261699999999976,-0.004819999999998714,0.1696300000000015,-1.2735599999999998,-2.58268,-2.12922,-2.346160000000001,-0.9572399999999988,0.05444999999999922,-0.38666000000000267,0.08530999999999977,0.0,0.0,0.0,0.0,0.0,0.0,-0.16831302972160506,0.0,0.0,0.0,0.0,0.0,0.0,0.0,0.0,0.0,0.0,0.0,0.0,0.0,0.24280488424295027
-0.6852899999999984,-0.51614,-0.01594000000000051,0.20448000000000022,0.18819999999999837,0.1788899999999991,-0.016679999999997364,-0.6161500000000011,-0.23965000000000103,0.1209900000000026,-0.05676000000000059,-0.16210999999999842,-0.18039999999999878,-0.12690999999999875,-0.08031000000000077,0.3165300000000002,-0.2096299999999971,-0.03411000000000186,-0.37898999999999816,-0.027960000000000207,-0.0373299999999972,0.042030000000000456,-0.3352999999999966,0.04532000000000025,0.6292000000000009,0.27301999999999893,-0.6228000000000016,-0.018789999999999196,0.3265400000000014,0.907429999999998,-0.33145000000000024,-0.4344000000000001,0.20120999999999967,0.01349000000000089,0.47099000000000046,0.5668500000000023,0.37468000000000146,0.0418200000000013,-0.21842000000000183,0.14242000000000132,-0.09332999999999814,-0.2034199999999977,0.5116499999999995,0.018739999999997536,0.0789200000000001,-1.081389999999999,-0.051140000000000185,-0.28843000000000174,-0.30253000000000085,-0.8667299999999969,-0.5432300000000012,0.09524000000000044,0.0418200000000013,0.6461000000000006,-0.6829999999999998,0.27963000000000093,0.2640400000000014,0.06128,-0.06301000000000201,-0.37716999999999956,0.1492299999999993,0.3737499999999976,-0.02552999999999983,-0.19531999999999883,-0.5040399999999998,-0.9203399999999995,-0.41807000000000016,0.3122499999999988,0.06712000000000273,-0.3001199999999997,0.5714199999999998,-0.2471199999999989,-0.11012999999999806,0.1579499999999996,-0.23203000000000173,-0.09060000000000201,0.2056699999999978,-0.4380400000000009,-0.1243300000000005,-0.9236099999999965,-0.2138200000000019,-0.5839199999999991,-0.5849699999999984,0.18762999999999863,-0.11448000000000036,-0.015609999999998792,-0.16322999999999865,-0.3758400000000002,0.32379999999999853,-0.22626999999999953,0.012390000000003454,0.8182299999999998,-0.3182399999999994,0.2886799999999994,0.009270000000000778,0.16422999999999988,0.15919999999999845,-0.12727999999999895,-0.47353000000000023,-0.7413000000000025,0.48226999999999975,-0.040869999999998186,-0.19265000000000043,0.1820699999999995,0.2933799999999991,-0.07239999999999824,0.27102999999999966,0.23149000000000086,-0.5784199999999977,-0.45444000000000173,0.3221999999999987,-0.3657199999999996,-0.22912000000000177,-0.21265999999999963,-0.028280000000002303,-0.7702999999999989,0.0,0.0,0.0,0.0,0.0,0.0,0.0,-0.5484417490472875,0.0,0.0,0.0,0.0,0.0,0.0,0.0,0.0,0.0,0.0,0.0,0.0,-0.21507836233092578
-0.46565999999999974,0.03912000000000049,-0.17986999999999753,0.1466499999999975,-0.011870000000001824,0.013419999999999987,0.016490000000001004,-0.18056999999999945,-0.880230000000001,-0.07099999999999795,-0.23674000000000106,0.054700000000000415,-0.6388600000000011,-0.47183000000000064,-0.3655399999999993,-0.3250799999999998,-0.23335999999999757,-0.5507600000000004,-0.7327399999999997,-0.3778100000000002,-0.08679999999999666,1.6083299999999987,0.5725200000000008,1.0076900000000002,0.49369000000000085,0.6166699999999992,0.5934799999999996,-0.06689000000000078,0.33352999999999966,-0.2777799999999999,-0.977409999999999,-1.1322200000000002,-0.3667800000000021,0.12948000000000093,-0.15076999999999785,1.2802800000000012,-0.2026299999999992,0.1031000000000013,-0.3566199999999995,-1.1393899999999988,0.20699000000000112,0.3524300000000018,-0.6369399999999992,-0.047930000000000916,-0.2508100000000013,-0.5400199999999984,-0.38009999999999877,-0.62059,-0.8225699999999989,0.010310000000000485,-0.36717000000000155,-0.4289900000000024,0.48618000000000094,0.8100299999999976,0.4734499999999997,0.2763300000000015,0.5510300000000008,0.9150400000000012,0.3964199999999991,-0.7605199999999996,-0.13363000000000014,-0.14557000000000286,-0.07800000000000296,1.4246799999999986,0.597249999999999,-0.40341000000000093,-0.4780300000000004,-0.031550000000002854,-1.0703899999999997,1.0221100000000014,-0.6250499999999981,-0.136219999999998,-0.6978399999999993,-0.883189999999999,-0.2357900000000015,-1.3762499999999989,0.7322999999999986,0.9328800000000008,-0.9627300000000005,-0.5225999999999971,0.9889200000000002,-0.3963399999999986,-0.08407000000000053,0.12775999999999854,-0.6428900000000013,-0.04258000000000095,-0.33033999999999963,-0.12456000000000245,-0.9789700000000003,-0.30075000000000074,0.5321899999999999,0.19654999999999845,-0.4805099999999989,0.2197800000000001,-0.23172999999999888,0.010200000000001097,-0.165420000000001,-0.48285999999999873,0.5781899999999993,-0.896370000000001,-0.07922999999999902,0.15281000000000233,0.3630999999999993,1.2370199999999976,0.2303500000000014,0.023690000000001987,0.45593000000000217,0.37275999999999954,0.3835499999999996,-0.4258600000000001,-0.620000000000001,-0.035479999999999734,0.0707199999999979,0.0,0.8220899999999993,-0.7332999999999998,0.0,0.0,-0.1779549878672712,0.0,0.0,0.0,0.0,0.0,0.0,0.0,0.0,0.0,0.0,0.0,0.0,0.0,0.0,0.0,0.0,0.0,-1.1526142754098176
-0.4236399999999989,-0.4696499999999979,0.01576999999999984,-0.4170100000000012,-0.011870000000001824,0.19517000000000095,-0.2931999999999988,-0.6520699999999984,-0.6129999999999995,-0.07360999999999862,-0.0346599999999988,-0.09357999999999933,-0.35116999999999976,-0.13522999999999996,-0.6059400000000004,-0.02721000000000018,-0.4093699999999991,-0.17927000000000248,-0.5197999999999965,-0.05169000000000068,0.03640000000000043,1.065339999999999,0.271130000000003,0.0406000000000013,0.16354000000000113,-0.5617800000000024,-0.7678800000000017,0.018560000000000798,0.047399999999999665,0.560299999999998,-0.7012399999999985,-0.20645000000000024,0.754529999999999,0.11077999999999832,0.2035100000000014,0.8243000000000009,0.26304000000000016,-0.0015700000000009595,0.0867699999999978,-0.1492699999999978,0.16466000000000136,0.9497199999999992,0.7208299999999994,0.21834999999999738,-0.03327000000000169,-0.9229599999999998,-0.1444599999999987,-0.5009499999999996,-1.6170700000000018,0.39158000000000115,-0.4807600000000001,-0.21610000000000085,-0.3595499999999987,0.1340900000000005,-0.32875999999999905,0.11176999999999992,-0.38144000000000133,0.23760000000000048,-0.308130000000002,-0.6115099999999991,-0.07575000000000287,0.4608699999999999,-0.038470000000000226,-0.11288000000000054,-0.42742000000000147,-0.23559000000000196,-1.822890000000001,-0.06050000000000111,-0.05771000000000015,0.5399600000000007,-0.1014899999999983,-0.3237099999999984,-0.25102000000000046,-0.07338000000000022,-0.09931000000000267,0.03715000000000046,0.2257099999999994,-0.3029299999999999,-0.3322099999999999,-1.2490499999999969,0.8000299999999996,-0.5361499999999992,-0.30165999999999826,0.3536399999999986,0.04470999999999847,-0.20335000000000036,-0.22463000000000122,-0.5607800000000012,0.3373999999999988,-0.03532999999999831,-0.012489999999999668,0.3348799999999983,0.15397000000000105,0.018149999999998556,-0.21003999999999934,-0.43910999999999945,0.2326599999999992,0.3611500000000021,-0.47316,-1.478620000000003,-1.5263999999999989,-0.2646499999999996,-0.29373000000000005,0.17976999999999776,-0.07416999999999874,-0.3021199999999986,-0.48061999999999827,0.1551399999999994,-0.27092000000000027,-0.31725000000000136,0.3628399999999985,-0.2912800000000004,-1.652000000000001,-0.12824000000000169,0.5305299999999988,0.09905000000000186,0.0,0.0,0.0,0.0,0.0,0.0,0.0,0.0,-0.5462354280323446,0.0,0.0,0.0,0.0,0.0,0.0,0.0,0.0,0.0,0.0,0.0,0.22957619656614023
-0.7822700000000005,-0.7042999999999999,0.25597000000000136,-1.0421600000000026,-0.023849999999999483,0.28089999999999904,0.14202000000000226,-0.023330000000001405,-0.35053127200000134,-0.08144000000000062,-0.5200899999999997,-0.30116999999999905,-0.4457799999999992,-0.17754000000000048,-0.6380000000000017,-1.2229899999999994,0.28556000000000026,-0.6586800000000004,-0.5266399999999969,-0.19495000000000218,-0.04817999999999856,0.9691299999999998,0.05626000000000175,1.3543200000000013,1.862919999999999,0.3315199999999976,0.8279399999999981,0.07283999999999935,1.0335300000000025,-1.24737,-0.28733000000000075,-1.1218199999999996,-0.10164000000000328,0.8351499999999987,-1.1681099999999986,1.3014100000000006,-0.5216999999999992,-0.2331700000000012,-0.6059800000000024,-1.2457799999999999,-0.4869999999999983,1.2448000000000015,-0.4400499999999994,-0.5569500000000005,-0.41066,-0.52243,0.989130000000003,0.7647799999999982,-1.1810800000000015,-0.34932999999999836,-0.09662000000000148,-0.6252800000000001,0.7517399999999981,1.3985500000000002,1.0641300000000022,-0.6092100000000009,0.8080199999999991,0.17305999999999955,0.15199999999999747,-0.0919300000000014,-0.4542099999999998,0.5283499999999997,1.0436300000000003,0.3912300000000002,0.7698800000000006,-0.9779300000000006,-0.5797500000000007,0.532709999999998,-0.9959600000000002,1.1325399999999988,-0.1981199999999994,-0.09901999999999944,0.56785,0.42986000000000146,-0.17313000000000045,0.06139999999999901,0.7462400000000002,1.2639400000000016,-1.5007700000000028,-2.1713999999999984,1.004719999999999,-0.0874600000000001,-0.7273899999999998,-0.36477999999999966,-0.2531700000000008,0.38012000000000157,-0.08285000000000053,-0.8199300000000029,-0.2577700000000007,0.21573000000000064,0.30441000000000074,1.2125099999999982,-0.16132999999999953,-1.0501000000000005,-1.4566400000000002,0.030380000000000962,-0.20645000000000024,-1.5123599999999975,0.2737300000000005,-0.08671000000000006,0.3153000000000006,0.3170800000000007,0.12710999999999828,1.4410699999999999,0.3716700000000017,0.4768900000000009,0.7151600000000009,-0.9622600000000006,0.6970799999999997,-1.0370000000000026,-0.037580000000001945,-0.3212200000000003,0.15446999999999989,-0.7225000000000001,1.8305599999999984,-0.055989999999997764,0.0,0.0,0.0,0.0,0.0,0.0,0.0,0.0,0.0,-0.0812604268406594,0.0,0.0,0.0,0.0,0.0,0.0,0.0,0.0,0.0,0.0,0.1599097943590218
-0.5385400000000011,-0.31916999999999973,-0.22856999999999772,-0.8479900000000029,0.04654000000000025,0.08031000000000077,-0.22700999999999993,-0.8603899999999989,0.9822199999999981,0.100360000000002,-0.017229999999997858,-0.0787799999999983,-0.36787999999999954,-0.3899499999999989,-0.1193799999999996,-0.76051,-0.09891999999999967,-0.4552200000000006,-0.8309599999999975,-0.18705000000000283,-0.12647999999999726,1.5034600000000005,0.6167300000000004,0.8207500000000003,0.13579000000000008,0.2529799999999973,0.308209999999999,0.59891,-0.40734999999999744,-0.11888000000000076,-0.48877999999999844,-1.3654900000000012,0.02914999999999779,-0.44931000000000054,-0.5003499999999974,1.3137100000000004,0.12387000000000015,-0.08578999999999937,-0.4594300000000011,-0.5003299999999982,0.29272000000000276,1.0580999999999996,-0.5468200000000003,-0.31487000000000265,-0.22752000000000194,-0.3495899999999992,-0.19613000000000014,0.09868999999999772,-1.9309200000000004,-0.70627,-0.5646599999999999,-0.6370100000000001,0.8811999999999998,0.9230400000000003,0.3290600000000019,0.28622000000000014,1.0021899999999988,0.25993000000000066,-0.35467000000000226,-0.7827400000000004,-0.2764400000000009,0.435649999999999,-0.17468000000000217,0.5946700000000007,-0.009270000000000778,-0.14179999999999993,-0.5353600000000007,-0.01138000000000261,-1.0535099999999993,0.9289999999999985,-0.6156699999999979,-0.059779999999999944,-0.402709999999999,-1.1446499999999986,-0.28171000000000035,0.26303000000000054,0.6307599999999987,0.9499600000000008,-1.23536,-0.46619999999999706,-0.4636099999999992,-0.5559000000000012,0.48152999999999935,0.1758500000000005,-0.8515300000000003,0.1057699999999997,-0.22463000000000122,-0.26084000000000174,-0.6190899999999999,0.19216000000000122,-1.1030899999999981,0.936869999999999,-0.25224000000000046,-0.3150900000000014,-0.4181500000000007,-0.0627299999999984,-0.22039000000000186,-0.2902199999999979,0.9136799999999994,-0.9203399999999995,-0.528579999999998,-0.3442699999999981,0.7178599999999982,1.0289099999999998,0.04210000000000136,0.14471999999999952,0.39872000000000085,0.022169999999999135,0.2648600000000023,-0.06923000000000101,-0.13873000000000246,0.014630000000000365,-0.17235000000000156,0.13244999999999862,0.9705799999999982,-0.5721999999999987,0.0,0.0,0.0,0.0,0.0,0.0,0.0,0.0,0.0,0.0,-0.01722829516242327,0.0,0.0,0.0,0.0,0.0,0.0,0.0,0.0,0.0,0.253993109783021
-0.4328700000000012,0.04553000000000296,-0.16201999999999828,0.2846499999999992,-0.2028199999999991,0.06588999999999956,-0.1699300000000008,-0.1893400000000014,-0.27076999999999884,-0.18452999999999875,-0.08826999999999785,-0.06412999999999869,-0.5739200000000011,-0.2479300000000002,-0.4771099999999997,-0.25264999999999915,-0.14687999999999946,-0.6699300000000008,-0.7593599999999974,-0.1532800000000023,0.03640000000000043,0.6242099999999979,0.5847800000000021,1.0817900000000016,0.12171999999999983,-0.17896999999999963,0.48481999999999914,-0.4640999999999984,0.1836599999999997,-0.2777799999999999,-0.8259900000000009,-1.1225799999999992,-0.7718100000000021,-0.64724,-0.8494299999999981,1.0870099999999994,-0.030159999999998632,0.11038999999999888,-0.13096000000000174,-0.9083099999999966,0.2016600000000004,0.7526800000000016,-0.37428999999999846,-0.7579300000000018,-0.2508100000000013,0.0,-0.24636999999999887,-0.8067700000000002,-0.9564799999999991,-1.0473,-0.43267000000000166,-0.6311300000000024,0.8955300000000008,0.8259699999999981,0.3849100000000014,0.2258199999999988,0.8795700000000011,0.5570699999999995,-1.0248800000000031,-1.0181900000000006,-0.6069899999999997,0.20530999999999722,0.04974999999999952,0.9385300000000001,0.657119999999999,-0.07780999999999949,-1.1946200000000005,0.062189999999997525,-1.1266299999999987,1.30415,-0.46698999999999913,-0.2488199999999985,0.36148999999999987,-1.0954699999999988,-0.1552100000000003,0.15450999999999837,0.3219299999999983,1.058889999999998,-1.0209900000000012,-0.897079999999999,0.96462,-0.2083200000000005,-0.07448000000000121,0.13992999999999967,-0.5507100000000023,0.20298999999999978,-0.33033999999999963,-0.07946000000000097,0.1065100000000001,0.5823800000000006,0.4662000000000006,0.6800299999999986,-0.09673000000000087,0.0,-0.3453899999999983,0.09886000000000195,-0.1926400000000008,-0.0723099999999981,0.7321300000000015,-0.17896999999999963,0.10612000000000066,-0.2939899999999973,0.19501999999999953,0.9885199999999976,0.2826200000000014,0.1527200000000022,0.6720500000000023,0.29605000000000103,0.06413000000000224,-0.4152300000000011,-0.6345900000000029,-0.0805100000000003,0.12671999999999883,-0.33567000000000036,0.7972199999999994,-0.6447699999999976,0.0,0.0,0.0,0.0,0.0,0.0,0.0,0.0,0.0,0.0,0.0,-0.06404222948950408,0.0,0.0,0.0,0.0,0.0,0.0,0.0,0.0,-0.5221877425709168
-0.01898999999999873,-0.05613999999999919,-0.037479999999998626,-0.2243700000000004,-0.11055999999999955,0.19958000000000098,0.1269100000000023,-0.07928000000000068,-0.1449600000000011,-0.002469999999998862,0.0710000000000015,-0.042439999999999145,-0.33061000000000007,-0.08604000000000056,-0.6138900000000014,0.012520000000002085,-0.42853999999999814,-0.19950000000000045,-0.7091999999999992,-0.09295000000000186,-0.3633199999999981,0.5814599999999999,0.02844000000000335,0.3702299999999994,-0.08412999999999826,-0.448990000000002,-0.693520000000003,-0.17342999999999975,0.4548500000000004,0.7369599999999998,-0.29965999999999937,-0.66188,0.19264999999999688,-0.020459999999999923,0.011990000000000833,0.6952300000000022,0.019760000000001554,-0.2573900000000009,0.7815799999999982,0.1506500000000024,0.19565000000000055,0.6045900000000017,0.4273799999999994,0.11764999999999759,-0.06044999999999945,-1.2022499999999994,0.10662000000000305,0.11055999999999955,-0.7013800000000003,0.3717400000000026,-0.05052000000000234,-0.08581000000000216,-0.15082999999999913,0.10824999999999818,-0.08597999999999928,0.20858000000000132,0.3129099999999987,0.1224899999999991,-0.05019000000000062,-0.15219000000000094,-0.2041000000000004,0.29488999999999876,0.6984899999999996,0.6247199999999999,-0.13564999999999827,-1.48517,-0.1623000000000019,0.2025100000000002,-0.02856999999999843,-0.08814999999999884,-0.29332000000000136,-0.5351199999999992,-0.3984799999999993,0.06982,-0.052120000000002165,-0.2832499999999989,0.10107999999999961,0.08489000000000146,-0.1243300000000005,-0.2729399999999984,0.571629999999999,-0.5244099999999996,0.24934999999999974,0.09059999999999846,-0.037410000000001276,-0.1399000000000008,0.0910100000000007,-0.6019100000000002,-0.08925999999999945,-0.11289000000000016,-0.9814599999999984,0.03345999999999805,0.014700000000001268,0.036069999999998714,-0.11626000000000047,0.13657000000000252,0.28293999999999997,0.08104000000000156,0.011649999999999494,-0.5176499999999997,0.1760300000000008,-0.45038999999999874,0.0188600000000001,1.6023199999999989,-0.6747900000000016,-0.3435399999999973,-0.4739299999999993,0.07919000000000054,-0.21910999999999703,-0.09423000000000314,0.19666999999999746,-0.2498199999999997,-1.17267,0.3656499999999987,0.2228899999999996,0.11942000000000164,0.0,0.0,0.0,0.0,0.0,0.0,0.0,0.0,0.0,0.0,0.0,0.0,-0.3190687825125402,0.0,0.0,0.0,0.0,0.0,0.0,0.0,-0.4819480253035182
-0.4167500000000004,0.10203000000000273,-0.2983399999999996,-0.08560000000000301,-0.08525000000000205,0.052949999999999164,-0.09716999999999842,-0.14601000000000042,-0.34346999999999994,0.02697000000000216,-0.267319999999998,0.07469000000000037,-0.5649799999999985,-0.5037699999999994,-0.5064099999999989,-0.3250799999999998,-0.0887299999999982,0.29433999999999827,-0.8537199999999991,-0.20556000000000196,0.031260000000003174,0.8115799999999993,0.7692900000000016,0.8431300000000022,-0.299789999999998,0.26304000000000016,0.8279399999999981,0.009309999999999263,0.48539000000000243,-0.09257000000000204,-0.7088000000000001,-0.9052199999999999,-1.2410000000000032,-0.35967000000000127,-0.7974899999999998,1.2403300000000002,-0.09243999999999986,0.05246999999999957,-0.9881200000000021,-1.191089999999999,0.12955000000000183,0.4115700000000011,-0.5468200000000003,-1.1711900000000028,-0.2691900000000018,-0.46247999999999934,-0.7215999999999987,-0.37962000000000273,-0.8428600000000017,-0.06883999999999801,-0.10288000000000252,-0.7662900000000015,0.7642799999999994,0.6874099999999999,0.5889300000000013,0.38773000000000124,0.4263900000000014,0.7397200000000019,0.5219499999999968,-1.1294199999999996,-0.1676000000000002,-1.284480000000002,-0.038470000000000226,0.7925900000000006,0.8895300000000006,-0.2828499999999998,-0.6877600000000008,0.1153999999999975,-0.8395299999999999,1.0384199999999986,-0.5847200000000008,-0.11749999999999972,0.28648000000000096,-0.4647299999999994,-0.29343000000000075,-0.7203300000000006,0.6307599999999987,0.8863400000000006,-1.1758699999999997,-0.578599999999998,0.8718299999999992,-0.4284800000000004,-0.30165999999999826,-0.05444999999999922,-0.7328399999999995,0.34775000000000134,-0.31355999999999895,-0.38884000000000185,-0.7442099999999989,-0.6025199999999984,0.7061700000000002,0.4737599999999986,-0.7601300000000002,-0.9942300000000017,-0.14683999999999742,-0.26917999999999864,0.12653999999999854,-0.038989999999998304,0.5738799999999991,-0.7205500000000029,0.18573999999999913,0.0,0.32572000000000045,0.9759899999999995,0.3943499999999993,0.013260000000002492,0.8612900000000003,0.3054300000000012,0.20544000000000295,-0.5641700000000007,-0.33685000000000187,0.08171000000000106,0.14066000000000045,-0.013940000000001618,1.15888,-0.3320299999999996,0.0,0.0,0.0,0.0,0.0,0.0,0.0,0.0,0.0,0.0,0.0,0.0,0.0,-0.4650768947906409,0.0,0.0,0.0,0.0,0.0,0.0,-0.6350894519366735
-0.4329668986363622,0.13450000000000273,-0.15611999999999782,0.1412799999999983,0.08049000000000106,0.09616000000000113,-0.07370999999999839,-0.3570600000000006,-0.9498899999999999,-0.07882000000000033,0.21809999999999974,-0.056860000000000355,-0.6230399999999996,-0.45092,-0.598040000000001,-0.40661184545454176,-0.4839899999999986,-0.6955600000000004,-0.17887999999999948,-0.20822000000000074,-2.557829999999999,1.52618,0.8987400000000001,1.0625999999999998,-0.26629999999999754,0.5525400000000005,0.6625199999999971,-1.1946399999999997,-0.14874999999999972,-0.9337300000000006,-0.7549700000000001,-0.8893799999999992,-0.8576100000000011,0.43522000000000105,-0.056819999999998316,1.1487800000000021,-1.3451400000000007,0.20749999999999957,-0.7094100000000019,0.2192500000000024,0.29051000000000116,-1.9192999999999998,-2.442029999999999,-0.4760300000000015,-0.47930000000000206,-0.6989199999999975,-0.4274699999999996,-0.9457200000000014,-1.2895600000000016,-0.5020699999999998,-2.2204499999999996,-2.7102600000000017,0.5849599999999988,1.1082499999999982,0.7104900000000001,0.02383999999999986,0.9026500000000013,0.877320000000001,0.5558999999999976,-0.6705800000000011,-0.07714999999999961,0.4149799999999999,-0.6770600000000009,0.6895200000000017,0.3728100000000012,-1.1500400000000006,-0.34494000000000113,-0.14469000000000065,-0.7484599999999979,1.0464999999999982,-0.09500999999999848,-2.5207099999999976,0.3566500000000019,-0.11150999999999911,-0.2585700000000024,-1.251540000000002,0.7805099999999996,1.2909900000000007,-0.9996100000000006,-0.40783999999999665,1.2134800000000006,-0.5191100000000013,-0.06495999999999924,0.4150400000000012,-0.7046300000000016,0.2758099999999999,-0.1188299999999991,-0.3503000000000007,-1.0981500000000004,-1.1904299999999992,0.3852000000000011,-0.5115499999999997,-0.23475999999999786,-0.28141000000000105,-0.18865999999999872,-2.8032699999999977,0.11547999999999803,0.07497000000000043,0.20904000000000167,-0.7899799999999999,0.11632000000000176,-0.11749999999999972,-0.004750000000001364,1.1465399999999981,0.3968500000000006,0.6695400000000014,-2.099529999999998,0.3311200000000021,-0.16664999999999708,-0.5934400000000011,-0.18814000000000064,-0.013680000000000803,0.14066000000000045,-2.259050000000002,1.426169999999999,-2.18253,0.0,0.0,0.0,0.0,0.0,0.0,0.0,0.0,0.0,0.0,0.0,0.0,0.0,0.0,-0.5356534067489701,0.0,0.0,0.0,0.0,0.0,0.30977823739436794
-0.06850000000000023,0.14848000000000283,-0.11547999999999803,0.09755999999999787,-0.023849999999999483,0.023399999999998755,-0.09716999999999842,-0.31806999999999874,0.10070999999999941,-0.1622099999999982,0.09122999999999948,-0.021059999999998524,-0.40593000000000146,-0.6872100000000003,-0.30638000000000076,-0.43008999999999986,-0.28822999999999865,0.21553999999999718,-0.6988499999999966,-0.2681199999999997,0.10654000000000252,1.6502999999999979,0.748700000000003,0.8219700000000003,-0.12293999999999983,-1.3565199999999997,0.4016399999999969,-1.7526100000000007,-0.07957000000000036,-0.25815000000000055,-0.8057999999999979,-0.5145699999999991,-0.655420000000003,0.006759999999999877,0.16287000000000162,1.2978400000000008,0.15993999999999886,0.2869400000000013,-0.5438200000000002,-0.4752599999999987,0.48547000000000295,1.0580999999999996,-0.6806999999999981,-0.01898000000000266,-0.3257700000000021,0.6620000000000026,-0.12639999999999674,-0.3323900000000002,-1.2844900000000017,-0.052659999999999485,-0.2514000000000003,-0.7598700000000029,0.75488,0.8930799999999977,0.46484000000000236,-0.03242999999999796,0.2934000000000019,0.42479000000000156,0.495949999999997,-0.896139999999999,-0.281130000000001,0.14807999999999666,-0.20791000000000182,0.032150000000001455,0.009219999999999118,-0.754999999999999,-0.1564300000000003,0.1141299999999994,-0.93675,1.01389,-0.36121999999999943,-0.0747499999999981,0.5370500000000007,-1.0109999999999992,-0.6420600000000007,-0.9628499999999995,0.5296199999999978,0.903970000000001,-0.6568900000000006,-0.3774099999999976,0.9486099999999986,-0.18056999999999945,0.018029999999999546,0.3948600000000013,-0.9008099999999999,0.006299999999999528,-0.178329999999999,-0.1986900000000027,-0.29569000000000045,-0.46770000000000067,0.5343400000000003,0.3238899999999987,-0.014849999999999142,-0.3037799999999997,-0.25375999999999976,-0.25690999999999775,-0.12553000000000125,-0.019359999999998934,0.5942100000000003,-0.37331999999999965,0.19538999999999973,-0.6893999999999991,-1.214500000000001,0.47206999999999866,-0.03660999999999959,-0.02931999999999846,0.11326000000000036,0.10975000000000179,-0.9697099999999992,-0.3172300000000021,-0.2903700000000029,0.10942000000000007,0.14066000000000045,0.25375999999999976,0.4860299999999995,-0.583129999999997,0.0,0.0,0.0,0.0,0.0,0.0,0.0,0.0,0.0,0.0,0.0,0.0,0.0,0.0,0.0,-0.405396520262928,0.0,0.0,0.0,0.0,-1.3221572577829697
-0.2565299999999979,-0.3723499999999973,0.5366,-0.21056000000000097,-0.7615100000000012,-0.07968999999999937,-0.6791799999999988,0.41310999999999964,-0.35053127200000134,-0.6520699999999984,0.2616000000000014,-0.7986699999999978,0.6339700000000015,-0.22112999999999872,-0.4475935195454568,-2.73039,-0.2457250486363627,-1.3633300000000013,0.7605800000000009,-0.09787999999999997,0.6701600000000028,1.9978599999999993,1.2067000000000014,0.4222199999999994,-0.7743399999999987,-0.30845000000000056,-0.02149999999999963,-0.4259699999999995,1.2810200000000016,0.10981999999999914,1.5549199999999992,0.7824100000000023,0.25153999999999854,0.9306300000000007,0.7524000000000015,-0.3505699999999976,-0.7479499999999994,-2.3829199999999986,1.788499999999999,-0.22199999999999775,-1.94144,0.843589999999999,0.08634999999999948,-0.05771999999999977,-2.90888,-1.4257799999999996,1.3956100000000013,1.4134399999999978,0.2253399999999992,0.20231000000000066,0.3870199999999997,-1.1060400000000001,0.42428999999999917,-1.6202400000000026,1.7919400000000003,-2.454550000000001,1.317689999999999,-0.27062000000000097,0.8404399999999974,0.6143199999999993,-1.844570000000001,-0.5285800000000016,1.6669599999999996,1.9486999999999988,0.7698800000000006,0.2570200000000007,0.906489999999998,1.6270399999999974,-0.11563999999999908,0.02477000000000018,0.14968000000000004,1.1683400000000006,0.46648000000000067,0.2905900000000017,-1.6173199999999994,1.5382099999999994,-1.1178100000000022,0.6209400000000009,1.0065999999999988,-1.9526699999999977,1.7123099999999987,-0.6688399999999994,0.10495999999999839,-2.3725699999999996,0.8343299999999978,1.0692599999999999,0.046230000000001326,1.668569999999999,-1.4803899999999999,-1.462340000000001,0.04590000000000316,1.31344,-1.6561500000000002,-1.692969999999999,-2.489699999999999,-0.20880999999999972,1.8711899999999986,1.9175400000000025,0.6206600000000009,0.6930300000000003,-0.7367099999999986,1.1708200000000026,-0.2763799999999996,0.7567599999999999,-2.077639999999999,0.19610000000000127,0.6930200000000006,-2.0441800000000008,1.8443500000000022,-0.8677000000000028,0.3083899999999993,0.41004999999999825,-0.2840699999999998,0.928919999999998,0.24990999999999985,0.45744000000000185,0.0,0.0,0.0,0.0,0.0,0.0,0.0,0.0,0.0,0.0,0.0,0.0,0.0,0.0,0.0,-0.9915354976304701,0.0,0.0,0.0,0.0,-1.4291606110237145
-0.20223000000000013,-0.05156999999999812,-0.317969999999999,0.598749999999999,-0.11055999999999955,0.011749999999999261,-0.13308999999999926,-0.2895000000000003,-1.2484099999999998,0.01722000000000179,-0.07018000000000058,-0.19363999999999848,0.07368999999999915,-0.12690999999999875,-1.1479500000000016,-0.5173999999999985,-0.23652999999999835,-0.922270000000001,-0.7593599999999974,-0.17135999999999996,-0.29066999999999865,1.4919699999999985,-0.3257799999999982,-0.31784999999999997,-0.9436299999999989,-0.15200000000000102,-0.5935200000000016,-0.7322999999999986,-0.40785999999999945,-0.2387900000000016,-0.3691999999999993,-1.8129799999999996,0.5816899999999983,-0.3948600000000013,-0.4545099999999991,0.7345199999999998,-0.359729999999999,0.02956000000000003,-0.08596999999999966,-0.5108799999999967,0.36313000000000173,0.3147900000000021,-0.10904999999999987,-0.9583399999999997,-0.1895200000000017,-0.8012799999999984,-0.036599999999999966,0.921289999999999,-1.3041799999999988,-1.8056699999999992,-0.7340499999999999,-0.49150000000000205,-0.9894400000000019,0.4056399999999982,0.12553000000000125,0.05116999999999905,0.05198000000000036,-1.13814,-1.6953200000000024,-1.6369399999999992,-0.5189000000000021,-0.24090000000000344,-0.9332300000000018,1.0545700000000018,-1.3112400000000015,0.6279199999999996,-1.38795,-1.9023000000000003,-1.887319999999999,0.3041499999999999,-1.9158000000000008,-0.528929999999999,-0.4845399999999991,-0.1506799999999977,-0.07552000000000092,0.012489999999999668,0.2257099999999994,0.41503000000000156,-0.4914200000000015,-0.6390499999999975,-0.25641999999999854,-1.6128,0.33097000000000065,0.3640499999999989,-0.15012000000000114,-0.032799999999998164,0.019989999999999952,-0.3101400000000005,-0.4973400000000012,0.4208400000000019,-1.4916599999999995,0.5975099999999998,-0.7028999999999996,0.5227700000000013,-0.11626000000000047,-1.11496,-0.7830399999999997,-0.48285999999999873,0.9326000000000008,-1.150730000000003,-0.9713999999999992,-1.2393699999999974,-0.7243700000000004,0.9469599999999971,-0.5349000000000004,-0.5800899999999984,0.46640999999999977,0.38077000000000183,-0.46544999999999703,-0.015190000000000481,-0.33829000000000065,-0.16085999999999956,-0.8646700000000003,0.3329899999999988,0.08814999999999884,0.08530999999999977,0.0,0.0,0.0,0.0,0.0,0.0,0.0,0.0,0.0,0.0,0.0,0.0,0.0,0.0,0.0,0.0,-0.23221552232075252,0.0,0.0,0.0,-0.2124209753090873
-0.5286100000000005,0.13249000000000066,-0.17986999999999753,-0.8058700000000023,0.12453999999999965,0.06909999999999883,-0.13308999999999926,-0.2431100000000015,-0.1866000000000021,-0.1677599999999977,-0.047879999999999256,0.020759999999999224,-0.47209000000000145,-0.3999299999999977,-0.3994900000000001,-0.3138699999999979,-0.17675999999999803,-0.4872000000000014,-0.9424399999999977,-0.17657000000000167,-0.3364799999999981,1.3463600000000007,0.7276900000000026,0.8494300000000017,-0.013709999999999667,0.04730999999999952,0.5120100000000001,0.2203899999999983,0.5106600000000014,-0.21021999999999963,-0.9820999999999991,-0.38333000000000084,-0.16624000000000194,-0.18780999999999892,-0.4520400000000002,1.075520000000001,0.19512999999999892,0.1938299999999984,-0.6059800000000024,-0.1572599999999973,0.32441999999999993,0.8101699999999994,-0.6144399999999983,-0.5294699999999999,-0.23783000000000243,-1.2305399999999977,-0.40420999999999907,0.12233999999999767,-1.2587499999999991,-0.8857099999999996,0.09875999999999863,-1.2882500000000014,0.7982300000000002,0.9716199999999979,0.40306,0.14114000000000004,0.6668400000000005,0.6282099999999993,-0.42742000000000147,0.21334999999999837,-0.36088000000000164,0.12148999999999788,-0.5309400000000011,0.7590900000000005,0.1492299999999993,-0.17239000000000004,-0.7032699999999998,0.16460000000000008,-1.0285699999999984,0.7425899999999999,-0.28388999999999953,0.028290000000001925,-1.1860299999999988,-1.3007899999999992,-0.006420000000002091,0.4764400000000002,0.6156599999999983,0.9945200000000014,-1.19013,-0.5495199999999976,0.27756000000000114,-0.3693799999999996,0.10495999999999839,0.3846600000000002,-0.8655100000000004,0.16189999999999927,-0.31355999999999895,-0.07749000000000095,-0.6683899999999987,-0.500239999999998,-0.38629999999999853,1.1592599999999997,-0.46004999999999896,0.06253999999999849,-0.26489999999999725,-0.6254299999999979,-0.1926400000000008,-0.10641999999999996,1.0729800000000012,-0.8544000000000018,-0.7682000000000002,-0.016209999999997393,0.7964699999999993,1.2028699999999972,0.07055000000000078,0.16192000000000206,0.4611799999999988,0.11897000000000091,0.42485000000000284,-0.5111800000000031,-0.39202000000000226,-0.06299999999999883,-0.7699999999999996,0.5090199999999996,0.8979699999999973,0.1756100000000025,0.0,0.0,0.0,0.0,0.0,0.0,0.0,0.0,0.0,0.0,0.0,0.0,0.0,0.0,0.0,0.0,0.0,-0.45199128372911,0.0,0.0,0.007314058790212138
-0.3365799999999979,0.14250000000000185,-0.33120999999999867,-0.8587200000000017,0.11365999999999943,-0.03066000000000102,-0.10309999999999775,-0.17184999999999917,-0.42623999999999995,-0.18171999999999855,0.0,-0.042439999999999145,-0.5764999999999993,-0.5037699999999994,-0.598040000000001,-0.35693999999999804,-0.13305999999999685,-0.4168100000000017,-0.8768499999999975,-0.2681199999999997,-0.13223999999999947,1.5205400000000004,0.7819800000000008,0.9131,0.13579000000000008,0.14838999999999913,0.6489699999999985,0.05497000000000085,-0.22980999999999696,-0.2777799999999999,-0.23571000000000097,-0.7925199999999997,-0.09114000000000289,-0.6366800000000019,-0.23522999999999783,1.182310000000001,-0.030159999999998632,0.24775999999999954,-0.5525400000000005,-1.0700299999999991,0.404910000000001,0.6045900000000017,-0.5553600000000003,-0.6713200000000015,-0.32028999999999996,-1.4439299999999982,-0.67333,-0.47709000000000046,-1.481020000000001,-0.8294999999999995,-0.5221000000000018,-0.7344400000000029,0.5884900000000002,0.8930799999999977,0.4820100000000025,0.27963000000000093,0.6532900000000019,0.593910000000001,-0.41916000000000153,-0.9817099999999996,-0.2406000000000006,-0.10175000000000267,-0.29373000000000005,0.6850999999999985,0.7753000000000014,-0.1671900000000015,-0.5914300000000026,-0.05690000000000239,-0.898579999999999,0.8480799999999995,-0.5496799999999986,-0.22524999999999906,-0.8246299999999991,-0.8998799999999996,-0.03235000000000099,0.5382099999999994,0.6824300000000001,0.9945200000000014,-0.7979900000000022,-0.6081999999999965,0.49894000000000105,-0.4925700000000006,0.24934999999999974,0.23379999999999868,-1.3336700000000015,0.4913799999999995,-0.26436999999999955,-0.1814200000000028,-0.8728200000000008,-0.19485999999999848,0.012390000000003454,0.8182299999999998,-0.7938799999999979,-0.6033399999999993,-0.26489999999999725,-0.30665999999999727,0.03562999999999761,-0.33803999999999945,0.6964900000000007,-0.9142100000000006,-0.7837800000000001,0.16723,0.2358899999999977,1.2496399999999994,0.27177000000000007,0.28251000000000204,0.638460000000002,0.18684999999999974,0.2205200000000005,-0.49303000000000097,-0.21753,-0.12506000000000128,-0.6941799999999994,0.027480000000000615,1.080169999999999,-0.8406899999999986,0.0,0.0,0.0,0.0,0.0,0.0,0.0,0.0,0.0,0.0,0.0,0.0,0.0,0.0,0.0,0.0,0.0,0.0,-0.7048377452814781,0.0,-0.39923697442232514
-0.48234000000000066,0.049790000000001555,-0.16201999999999828,-0.09192000000000178,0.011779999999998125,-0.04624000000000095,-0.039220000000000255,-0.33744000000000085,-0.4771099999999997,0.07004000000000232,-0.2067799999999984,0.04797999999999902,-0.587299999999999,-0.5364299999999993,-0.5064099999999989,-0.40369999999999706,-0.1307799999999979,-0.5849600000000024,-0.7301099999999998,-0.273690000000002,-0.24627999999999872,1.6606099999999984,0.5634700000000024,1.137830000000001,0.5990400000000022,0.09310999999999936,0.7790299999999988,0.013940000000001618,0.3957000000000015,-0.20082000000000022,-0.5827899999999993,-0.7960999999999991,-0.17730000000000246,-0.5058900000000008,-0.016639999999998878,1.2548200000000023,0.03925999999999874,0.20749999999999957,-0.6150800000000025,-0.7609499999999976,0.1407100000000021,0.5106099999999998,-0.4360999999999997,-0.6673500000000026,-0.36758999999999986,-1.081389999999999,-0.5395199999999996,-0.5557000000000016,-1.0319399999999987,-1.0155899999999995,-0.18350000000000222,-1.0037900000000022,0.7037000000000013,0.8727599999999995,0.5809800000000003,0.266370000000002,0.3696900000000021,0.6388099999999994,-0.5128200000000014,-0.38164000000000087,-0.096700000000002,-1.009120000000003,-0.26454999999999984,0.7112200000000009,0.74803,-0.12091000000000207,-0.4641300000000008,-0.27759,-1.0960699999999974,0.7124300000000012,-0.506339999999998,-0.05829999999999913,0.27298000000000044,0.18965999999999994,-0.13399000000000072,0.2313299999999998,0.8402199999999986,0.927150000000001,-1.0046500000000016,-0.6785399999999981,0.36241000000000057,-0.3115899999999989,-0.07448000000000121,0.22239000000000075,-0.6833300000000015,0.1533200000000008,-0.2805800000000005,-0.33245000000000147,-0.5729299999999995,-0.43063000000000073,0.6035000000000004,0.6565799999999982,-0.7028999999999996,-0.8813899999999997,-0.1365799999999986,-0.6801199999999987,0.09310999999999936,0.03171000000000035,0.7330000000000005,-0.3446600000000011,-1.0161100000000012,-0.016209999999997393,0.21559999999999846,0.8529899999999984,0.31203000000000003,0.18691000000000102,0.7063500000000005,0.30180000000000007,0.26304000000000016,-0.4782200000000003,-0.43607000000000085,-0.037110000000001975,-0.8932600000000015,0.08091999999999899,0.9969099999999997,-0.6795299999999997,0.0,0.0,0.0,0.0,0.0,0.0,-0.03919990285419975,0.0,0.0,0.0,0.0,0.0,0.0,0.0,0.0,0.0,0.0,0.0,0.0,0.0,0.11491305864600225
-0.2544800000000009,-0.13859999999999673,-0.01594000000000051,-0.1369100000000003,-0.048090000000001965,0.0723099999999981,0.22002000000000166,-0.11225999999999914,-0.5278300000000016,-0.029999999999997584,0.0,-0.10102999999999795,-0.19116,-0.0700099999999999,-0.1537399999999991,-0.11397999999999797,-0.11402999999999963,-0.181280000000001,-0.47498999999999825,-0.03978000000000037,-0.23383999999999716,0.10726000000000013,-0.02109999999999701,-0.4084499999999984,-0.028959999999997876,-0.652230000000003,-0.6032200000000003,-0.11158999999999963,0.7702400000000011,0.9918200000000006,-0.46766999999999825,-0.24013000000000062,0.47980999999999696,0.12948000000000093,0.1765400000000028,0.20848000000000155,0.1420199999999987,-0.043070000000000164,0.017779999999998353,0.24882000000000204,0.1056100000000022,0.9291100000000014,0.3607900000000015,-1.5196000000000005,-0.07886000000000237,0.05962000000000245,0.09811000000000192,-0.1336800000000018,-0.5288399999999989,0.3516200000000005,-0.0872799999999998,-0.1642600000000023,-0.64452,0.6158599999999979,-0.2921999999999976,0.24623000000000062,-0.5353999999999992,0.11533999999999978,-0.2483200000000032,-0.10580000000000211,-0.13323000000000107,0.26089999999999947,0.037479999999998626,-0.018010000000000304,-0.34288000000000096,-0.2664299999999997,-0.30456000000000216,0.3275100000000002,0.022059999999999746,-0.2570300000000003,-0.09045000000000059,-0.07173999999999836,0.18872999999999962,-0.09868999999999772,-0.16594000000000264,-0.104020000000002,0.21573000000000064,-0.21151000000000053,-0.2336000000000027,-0.20878999999999692,0.8538899999999998,-0.15334999999999965,0.009039999999998827,0.11548000000000158,-0.13917999999999964,-0.16563000000000017,-0.06870999999999938,-0.5176900000000018,-0.04983999999999966,-0.1554499999999983,0.027720000000002187,0.3358799999999995,0.26876999999999995,0.1556500000000014,-0.11626000000000047,0.02032000000000167,-0.03651999999999944,0.12874000000000052,-0.09853000000000023,-0.5431600000000003,0.06459999999999866,-0.3545299999999969,0.06947999999999865,-0.07746000000000208,0.03891000000000133,-0.04140999999999906,-0.09182999999999808,0.13981000000000066,-0.3578899999999976,-0.29069000000000145,0.5027699999999982,-0.11245999999999867,-0.14950999999999937,-0.14010999999999996,0.2945299999999982,-0.12618999999999758,0.0,0.0,0.0,0.0,0.0,0.0,0.0,0.0,0.0,0.0,0.0,0.0,0.0,0.0,0.0,0.0,0.0,0.0,0.0,-0.03975903000768867,-0.34700701559649355
