,A
0,Q9UMY1
1,P12755
2,P49116
3,Q8NEW0
4,Q9NP61
5,Q8TB52
6,Q9Y2R0
7,O94811
8,Q96CD0
9,Q9BR61
10,Q9H9Q2
11,Q9NQS3
12,Q6UWP7
13,Q8WY22
14,P51114
15,Q16787
16,Q9NUW8
17,Q9BQI0
18,Q96M27
19,O14523
20,Q13268
21,Q9NP66
22,P51957
23,Q96HR9
24,Q9H7B2
25,Q53S33
26,Q9HCN8
27,Q9GZZ1
28,P53597
29,Q6KCM7
30,Q9Y3E2
31,P51809
32,Q9BYG3
33,P35270
34,O75487
35,Q5TH69
36,Q13496
37,P00441
38,Q8IXK2
39,O15116
40,Q9Y639
41,O00534
42,Q9C0I1
43,P08727
44,Q8N8R3
45,Q96ED9
46,Q6ZSJ8
47,Q9P2K6
48,Q9HAT2
49,Q7RTV0
50,P23511
51,Q6P587
52,P38571
53,Q14527
54,Q96R05
55,Q9P2N6
56,Q9H1P3
57,Q5SQN1
58,Q04323
59,P40121
60,Q9NY64
61,Q96EF9
62,P52756
63,P68133
64,Q09472
65,O43159
66,Q6T4R5
67,Q99497
68,A0A096LP01
69,O15084
70,Q92887
71,Q9BZF1
72,Q99973
73,Q8IWA5
74,Q15041
75,Q8N4V1
76,Q8N6N3
77,Q16854
78,Q15797
79,Q9Y5Y0
80,Q96A26
81,Q9GZY4
82,Q7Z2E3
83,Q9NUP7
84,O15511
85,Q96HP0
86,Q9Y6I9
87,Q8NB46
88,Q86X10
89,Q9Y613
90,P40616
91,Q13627
92,P42025
93,Q00796
94,Q15772
95,P53582
96,Q8N612
97,O43909
98,Q9H9H4
99,Q86XI2
100,Q8WZ42
101,Q9P206
102,Q9BW85
103,Q9NR77
104,P08962
105,Q8IZ07
106,P68402
107,O43493
108,Q58FF6
109,Q9Y3D7
110,P38432
111,Q12899
112,Q9BV23
113,Q7L266
114,Q9BQ69
115,Q9H3F6
116,Q08174
117,Q7L4I2
118,P63000
119,P43490
120,P12074
121,Q13438
122,Q9Y2Z2
123,P09669
124,O95619
125,P52888
126,Q96P11
127,Q9C040
128,Q9UHY1
129,P35568
130,Q92673
131,Q9UBP9
132,Q9Y5A9
133,Q8IZD4
134,Q00577
135,P48509
136,Q9H4B7
137,Q99988
138,Q99729
139,Q8N3F8
140,Q9BTE1
141,Q8N8J7
142,Q9HBI6
143,P35613
144,A6NJ78
145,O60888
146,Q8TAE8
147,Q16774
148,O95613
149,Q6NYC8
150,P12956
151,Q9Y2H1
152,Q9Y2G3
153,Q9BW19
154,Q9BPU6
155,Q06033
156,P62273
157,Q3LXA3
158,P48357
159,P17655
160,Q8N302
161,A8CG34
162,Q8WUW1
163,Q08752
164,Q13112
165,Q7Z736
166,P46937
167,Q14232
168,Q9H939
169,Q32P41
170,Q7Z5J4
171,P56945
172,Q96PU8
173,P63218
174,Q9H0N0
175,Q13131
176,Q8N5L8
177,O14545
178,Q9BQP7
179,Q9UMX0
180,Q8WWI5
181,Q9P032
182,Q8WVX9
183,Q96DM3
184,Q9NRR5
185,P46531
186,Q9BY42
187,P41134
188,Q99766
189,P61769
190,Q96B36
191,P63098
192,Q96HR8
193,Q9Y5B8
194,Q86VR2
195,Q06481
196,O60675
197,O43678
198,Q14151
199,Q8TB36
200,P49750
201,O95926
202,Q8N4Q0
203,Q6NYC1
204,Q14653
205,Q96B54
206,O60583
207,Q9Y5A7
208,Q9UBH6
209,O43572
210,Q96IZ7
211,P82673
212,O15155
213,Q9NVC6
214,Q9C0B5
215,Q99666
216,Q8IVT5
217,Q8WXE9
218,Q9BRT9
219,P48059
220,Q9Y2W2
221,P84103
222,Q53H12
223,Q14693
224,P42575
225,Q6BCY4
226,P08621
227,P20290
228,P08581
229,Q6ZS17
230,Q04721
231,Q68EM7
232,Q9BWM7
233,Q16864
234,A6NKF1
235,Q9UPT9
236,Q6P1Q0
237,Q5F1R6
238,Q9ULC3
239,Q9UK76
240,Q9NVH2
241,O95218
242,Q4G0F5
243,Q9UNA4
244,Q08722
245,O95873
246,Q9GZP4
247,Q9HBL7
248,Q9H7L9
249,O14639
250,P62318
251,Q8IU81
252,P27695
253,P22570
254,Q9BWT6
255,Q96GY3
256,Q9BTZ2
257,Q5BJH7
258,Q14353
259,Q13049
260,P38936
261,Q9BZD4
262,Q03188
263,Q9UL40
264,Q96I59
265,Q9BZM5
266,O00622
267,Q13601
268,O95168
269,O43598
270,Q96FS4
271,O43760
272,P13010
273,P53990
274,Q8N565
275,Q8NG31
276,Q9HBH0
277,P16949
278,Q9NRC8
279,P10746
280,Q8WV60
281,Q14061
282,P09012
283,Q6P2P2
284,Q9Y448
285,Q15554
286,O95644
287,Q6IPU0
288,Q6PL18
289,Q6P1L8
290,Q8IZQ5
291,P62380
292,Q5T280
293,Q03111
294,Q8TD30
295,Q8TCT9
296,Q9H6T0
297,Q9HD47
298,Q9UGI8
299,P02538
300,Q9Y314
301,Q8IVH4
302,P09234
303,Q9NQC3
304,Q9BU23
305,O95816
306,Q2TAL8
307,Q92688
308,Q12834
309,Q96BQ5
310,Q6FI13
311,Q7Z309
312,O75954
313,A8MVW0
314,P14635
315,Q9Y5N5
316,O60671
317,Q13488
318,Q9HAN9
319,Q8IXM2
320,Q6P0Q8
321,Q9Y2J4
322,Q2M3G4
323,Q96A65
324,P51688
325,Q9BXH1
326,Q16204
327,Q9Y5K8
328,O00244
329,P19447
330,P61247
331,Q8N2W9
332,P12235
333,O95758
334,Q9BWH2
335,Q9ULI0
336,P82664
337,Q9BWJ5
338,Q9ULH7
339,Q9NWU2
340,P10636
341,Q92619
342,Q03393
343,Q9Y375
344,Q9NWY4
345,Q96K76
346,Q9H1B5
347,Q99755
348,Q9NSI2
349,Q9Y5Y5
350,Q9Y3D3
351,Q15388
352,Q8IUI8
353,Q92575
354,Q9Y2X0
355,Q9H3Q1
356,P99999
357,Q13610
358,Q6NXR4
359,Q53GS7
360,O43561
361,P31949
362,Q9BXS4
363,O14734
364,O95235
365,Q92545
366,P47914
367,Q8NG11
368,Q6UWS5
369,P24386
370,Q86XZ4
371,Q8WVC0
372,Q8N1P7
373,Q14681
374,Q9H4A5
375,O75822
376,Q9NYH9
377,Q6ZNB6
378,P56537
379,P32320
380,P82930
381,P36543
382,Q13614
383,Q9H9A7
384,P29966
385,Q14894
386,Q9BT17
387,P35610
388,Q3KRA6
389,P62913
390,P52435
391,Q9NRR8
392,Q7L099
393,Q68D10
394,P62829
395,Q96QE3
396,Q12816
397,Q07812
398,Q00765
399,Q8IZV5
400,Q8NFH5
401,Q86UV5
402,P04114
403,P23677
404,Q53FA7
405,Q8NHG7
406,O15379
407,P62306
408,Q96PX9
409,Q9UDY2
410,O15230
411,O95985
412,Q16610
413,O95365
414,Q08345
415,P36959
416,Q9HAW4
417,P00966
418,Q6ZT62
419,Q9Y3B4
420,Q9HC78
421,P18065
422,O14521
423,P09417
424,Q00613
425,P25490
426,Q7Z4V5
427,Q9H1K0
428,Q9Y4X0
429,Q70J99
430,Q5R372
431,P62308
432,P30825
433,Q7Z589
434,Q6IQ49
435,O00193
436,Q4KWH8
437,Q6PK04
438,P20042
439,Q13243
440,Q8IUH5
441,Q14240
442,Q10472
443,P47813
444,Q13444
445,O75629
446,Q5VST6
447,Q86YT6
448,P30291
449,P07737
450,Q9P016
451,Q8TF72
452,Q6DN90
453,Q52LR7
454,O60831
455,O60331
456,Q86Y37
457,Q9BXS6
458,Q2KHT3
459,P23497
460,Q7Z3J2
461,Q92597
462,Q9H7N4
463,Q9BVW5
464,P11233
465,O75151
466,Q05932
467,Q15392
468,Q1ED39
469,O75607
470,O14763
471,Q9UBL0
472,P53611
473,P49840
474,Q2TAK8
475,Q8IX04
476,Q00535
477,Q92692
478,Q9UBM7
479,Q2TB10
480,O00746
481,Q96CN9
482,Q9Y2V2
483,P08F94
484,Q5T9L3
485,O75818
486,P00519
487,Q9NVM4
488,P51788
489,P36639
490,Q8WXE0
491,Q9NS69
492,P62241
493,Q9H6Y7
494,Q9H8T0
495,Q8TER5
496,Q96EB1
497,Q8N4J0
498,Q8ND82
499,O14732
500,P01033
501,P61981
502,Q5U5X0
503,O95292
504,P78539
505,P51798
506,P49815
507,Q13356
508,Q99871
509,O15479
510,Q96PY5
511,Q96C36
512,Q9Y2I7
513,Q9P035
514,Q9UJC3
515,Q8WWK9
516,Q6P4E1
517,Q99471
518,O75368
519,Q96K21
520,Q7L2J0
521,Q9UMN6
522,Q9NUT2
523,Q5JPI3
524,Q86U70
525,P46777
526,Q7Z6K3
527,Q8NE62
528,Q9UHD9
529,Q9UI42
530,Q9NV06
531,Q14192
532,P32929
533,Q9BUB5
534,O14683
535,Q9NZL4
536,P04792
537,Q02487
538,Q0VDF9
539,Q969P0
540,Q99622
541,O15297
542,Q86XN8
543,Q10469
544,A5PLN9
545,Q8WUF8
546,Q86U42
547,Q8WZA9
548,Q8NB14
549,Q9BSL1
550,P78540
551,Q8TBM8
552,Q99685
553,Q5W0Z9
554,Q16760
555,Q5T6F0
556,Q86SZ2
557,Q69YL0
558,Q9UL33
559,P61966
560,P62851
561,Q8WVY7
562,Q9Y570
563,Q9GZN8
564,Q96RK0
565,Q13057
566,O95825
567,P30260
568,Q8WVQ1
569,Q8IYI6
570,Q8N9Z2
571,Q16718
572,Q92665
573,Q9H467
574,O14874
575,Q93084
576,P28072
577,P26583
578,Q9Y5J6
579,Q96IF1
580,P35754
581,Q69YU5
582,Q8NAF0
583,Q8N183
584,Q9HB20
585,P27482
586,Q6P4Q7
587,P18124
588,Q9P0V3
589,P37235
590,P17050
591,O43709
592,P62249
593,Q8IUZ5
594,Q9UPT8
595,Q96GM8
596,O75909
597,Q86YQ8
598,Q96IV0
599,Q8NET6
600,Q96EZ8
601,P08174
602,O15446
603,Q9H098
604,Q06330
605,P04156
606,O75940
607,Q9H1H9
608,O43583
609,Q96CX6
610,Q9H902
611,Q9H019
612,O75380
613,O43681
614,O43164
615,P78347
616,Q5VSG8
617,Q9Y5Y6
618,Q93052
619,Q9UJ83
620,Q8TEB1
621,O00716
622,P09668
623,O94804
624,Q9UFG5
625,O14896
626,Q9NYV6
627,O60906
628,P28065
629,Q8WXH0
630,O00233
631,Q01130
632,P62750
633,Q5SVS4
634,Q96K58
635,P46199
636,O75663
637,O75879
638,Q9P2E5
639,P63165
640,Q8N0U4
641,Q8WVD5
642,Q969L4
643,O95159
644,O43708
645,P29597
646,Q9H7E9
647,Q969L2
648,Q7Z6I8
649,Q9NRY5
650,Q9ULC4
651,Q9Y3A3
652,P08697
653,P62891
654,P35637
655,Q9HD34
656,O00148
657,P62244
658,P60510
659,Q9HC21
660,P42330
661,P21283
662,Q4ZIN3
663,Q15286
664,Q8WW12
665,Q92828
666,Q6ZMI0
667,Q14CW9
668,Q6NUQ1
669,Q5T5P2
670,Q8TEY7
671,P15735
672,Q6PJF5
673,Q9BXS9
674,P30085
675,P56589
676,Q969T7
677,Q13443
678,P05452
679,Q92733
680,O94885
681,Q8N1Q1
682,Q8WVM7
683,O95833
684,Q9Y5L4
685,P62341
686,Q9UK22
687,P49321
688,P54868
689,Q96EU7
690,Q15048
691,Q9NVF7
692,Q9UBR2
693,O95166
694,Q9Y426
695,P61026
696,P14621
697,Q7Z3E5
698,Q7L2H7
699,Q6IQ32
700,P63027
701,Q9NR28
702,P24539
703,Q9HCN4
704,Q9Y575
705,O14966
706,O00391
707,P53350
708,P07108
709,Q96EK6
710,Q13761
711,Q96CT7
712,Q9UBK9
713,Q9NPQ8
714,P78381
715,Q9Y485
716,Q96EB6
717,Q8NFW8
718,P61513
719,Q13753
720,P60985
721,Q6NTE8
722,Q9BXJ4
723,O75674
724,Q96PM5
725,Q8TCC3
726,Q9NXV2
727,Q9HC07
728,Q96BI3
729,P00403
730,Q96BM9
731,Q9H0A8
732,Q9BRX9
733,P14406
734,P30419
735,Q96EL2
736,O95721
737,P06703
738,P42226
739,P28347
740,Q9NX24
741,Q13308
742,P42338
743,Q9H4I9
744,Q8IWB7
745,Q99490
746,Q8NHQ9
747,Q9Y580
748,Q8IXQ4
749,P17405
750,Q9H0F7
751,A4D1P6
752,P62807
753,Q9HCB6
754,Q96S44
755,Q9BRR6
756,P06400
757,O43716
758,P49662
759,Q8IVB5
760,O15321
761,Q01415
762,Q05D32
763,O00189
764,O95361
765,O60427
766,P02751
767,P32189
768,P16219
769,Q9HCM4
770,Q6P5R6
771,O14939
772,Q96CM8
773,Q96EK7
774,Q9Y4K4
775,Q9Y6E0
776,Q8N543
777,A6NKT7
778,Q9Y3A5
779,Q6ZUJ8
780,Q6GQQ9
781,Q9P0J7
782,P62834
783,P09132
784,P83876
785,Q6ZMP0
786,Q9BVC4
787,P07947
788,Q9H7B4
789,Q9HD23
790,Q15652
791,O00178
792,Q6UXI9
793,Q86XK2
794,Q969Q0
795,P43250
796,P83436
797,Q96SZ5
798,P62269
799,O75832
800,P19474
801,Q96BJ3
802,P61970
803,Q9Y2D4
804,Q8NHP6
805,Q9Y676
806,Q6BDS2
807,Q96QE5
808,Q9Y376
809,Q9Y2P5
810,E9PRG8
811,P41214
812,P02771
813,P31350
814,Q9UH99
815,Q8WXA9
816,P98179
817,Q96GQ5
818,Q92791
819,Q5BJF6
820,Q9NY93
821,Q15543
822,P07602
823,Q9GZU1
824,O43379
825,P04818
826,P42677
827,O00115
828,Q5THJ4
829,A6NHX0
830,Q96HP4
831,A0JLT2
832,Q6U841
833,P35626
834,Q9P0S2
835,Q5XPI4
836,Q13554
837,Q9Y385
838,Q8WUN7
839,O95674
840,Q96J84
841,O43299
842,P52298
843,P62314
844,Q9UKF7
845,Q9BQE4
846,Q3MIN7
847,Q96FF9
848,Q8N3X1
849,P55199
850,P19256
851,Q6GYQ0
852,Q9H1K1
853,Q12756
854,Q969M3
855,A0A024RBG1
856,P61599
857,Q7L1S5
858,Q9NUQ9
859,Q969V6
860,P29375
861,P37268
862,Q14141
863,P07996
864,Q9NZ45
865,Q8TBZ3
866,Q92968
867,P45984
868,P18859
869,Q9P2D0
870,Q9BVI4
871,P55061
872,Q5TC12
873,Q9P260
874,Q5T440
875,Q9UNF1
876,Q9UH17
877,Q53LP3
878,O60504
879,Q2M2I8
880,P02649
881,O95625
882,Q8IYW5
883,Q9Y6X9
884,P61254
885,O15541
886,Q9NZ52
887,Q5VST9
888,Q96FQ6
889,O75882
890,Q9NX14
891,O15144
892,Q16777
893,Q92560
894,O14925
895,Q5SW96
896,Q96S97
897,Q9BXB5
898,Q8IYU8
899,P11279
900,Q9BQE3
901,Q86UK7
902,P17252
903,A0JNW5
904,P11182
905,Q99623
906,Q8WZ64
907,A6NED2
908,O15173
909,Q9NWV4
910,Q8N8R5
911,Q8N9N8
912,Q99439
913,P02774
914,Q99543
915,P42566
916,Q9NUX5
917,Q99547
918,Q8TBF2
919,Q8NDD1
920,Q9NX04
921,Q8NEY8
922,Q6P9B6
923,Q96CP2
924,O43353
925,Q96F07
926,P15311
927,Q8N129
928,Q9NY47
929,Q9H0U9
930,A0AV96
931,Q9UL54
932,Q9BUP3
933,Q13889
934,P50747
935,Q6IQ23
936,P18827
937,P20700
938,O95487
939,Q96MM7
940,O95822
941,Q659A1
942,Q15814
943,Q15723
944,Q96FX7
945,P56693
946,Q8TAV0
947,P50281
948,P54725
949,Q15043
950,Q9NS91
951,P62280
952,Q969R5
953,Q8WU90
954,O15270
955,Q9BRA2
956,Q71RC2
957,Q7LGA3
958,Q8WYK1
959,Q9H3R0
960,Q7Z6E9
961,O60566
962,Q8TED0
963,Q9P0P0
964,P11137
965,P05546
966,P23381
967,O60936
968,Q5VZ89
969,Q8TBE9
970,P29084
971,Q9NQ29
972,P30530
973,P46934
974,Q86U28
975,Q96P48
976,Q96AQ8
977,O60783
978,P28749
979,P62070
980,P04899
981,Q9NQS7
982,Q93077
983,O60487
984,P50238
985,P23469
986,Q9NX58
987,Q9UHQ1
988,Q9Y4E1
989,Q99417
990,Q15004
991,Q96GX9
992,O14556
993,Q8N8A6
994,P53667
995,Q3SXM5
996,Q8IWB1
997,Q99081
998,P57678
999,Q9NRG4
1000,P78329
1001,P50548
1002,Q92930
1003,Q9NQZ5
1004,A1XBS5
1005,Q01167
1006,Q9Y2P4
1007,Q14257
1008,Q9BT22
1009,Q9Y5V3
1010,P51148
1011,Q9H0W9
1012,O00462
1013,Q99715
1014,Q8NBT2
1015,O60318
1016,P56134
1017,O43295
1018,O95248
1019,Q9P000
1020,O75190
1021,Q86Y79
1022,Q9NPD3
1023,Q14692
1024,Q99704
1025,Q9NVN3
1026,Q96RE7
1027,Q9NZD2
1028,P29992
1029,O60921
1030,Q330K2
1031,P63173
1032,Q14241
1033,O00422
1034,Q9BYW2
1035,Q92794
1036,P20674
1037,P05783
1038,P21695
1039,Q8N2U0
1040,Q9UNL2
1041,Q9NY65
1042,Q15906
1043,Q05BQ5
1044,Q9Y6W3
1045,Q9NVX2
1046,Q96BI1
1047,Q9Y673
1048,Q8NC96
1049,Q08AG7
1050,P05121
1051,Q01995
1052,Q9H967
1053,Q8WV41
1054,Q9ULV3
1055,P35916
1056,P62993
1057,Q96PU4
1058,O75113
1059,Q01831
1060,Q96KB5
1061,P33908
1062,Q4VCS5
1063,P46782
1064,Q15819
1065,O75886
1066,Q9HCG8
1067,Q14493
1068,Q9NZM5
1069,Q14807
1070,Q9H8Y5
1071,O15235
1072,Q9P107
1073,Q9BZF3
1074,Q9H0L4
1075,Q15555
1076,Q7Z7G8
1077,Q8NI27
1078,Q99538
1079,Q5TAX3
1080,Q9HCJ3
1081,P62906
1082,P04004
1083,Q96CM3
1084,P0CG38
1085,Q9NYJ8
1086,Q9Y3Y2
1087,Q13206
1088,Q8N5P1
1089,O95155
1090,P30793
1091,Q9NRY2
1092,P51668
1093,P10909
1094,P49593
1095,Q8N511
1096,Q96AT1
1097,Q9NPA3
1098,Q9HCP0
1099,P31946
1100,Q8NHP8
1101,Q9NYV4
1102,Q99595
1103,Q92615
1104,O75448
1105,Q9NWX6
1106,Q86WX3
1107,Q9H2W6
1108,Q9HBG6
1109,Q9H4L4
1110,Q9BSV6
1111,Q9BTY2
1112,P40425
1113,P06454
1114,Q92574
1115,O43847
1116,P31947
1117,Q8WW33
1118,Q9H0S4
1119,Q86UY8
1120,Q12830
1121,P21741
1122,Q00013
1123,Q9UK58
1124,Q12965
1125,Q0VDG4
1126,Q9GZU7
1127,O95777
1128,P62861
1129,Q5THK1
1130,O60832
1131,P26368
1132,Q9BVT8
1133,Q9UBF8
1134,O95707
1135,Q96S21
1136,P28715
1137,P29083
1138,P48380
1139,Q14746
1140,Q8NC44
1141,Q13330
1142,P49755
1143,Q71UM5
1144,P56181
1145,Q92997
1146,Q6IA69
1147,Q92766
1148,P20336
1149,Q562R1
1150,P25054
1151,P05161
1152,O60613
1153,P62424
1154,Q92530
1155,Q99653
1156,Q9Y2Q5
1157,O60669
1158,Q9UBV4
1159,Q14191
1160,Q9P1Y5
1161,P60981
1162,Q9UHC6
1163,O15162
1164,Q8TAD4
1165,Q9NRF9
1166,Q8NC54
1167,P22087
1168,Q9H8G2
1169,P42765
1170,Q9Y219
1171,Q9BV86
1172,P15056
1173,Q9UBV7
1174,Q8IZQ1
1175,P58557
1176,Q9HB21
1177,Q7Z408
1178,P62847
1179,P62979
1180,P54105
1181,Q8NFZ5
1182,P01889
1183,Q8WUM9
1184,Q9H2J4
1185,Q9UKM7
1186,A1A4S6
1187,Q9H7Z6
1188,Q9UPN7
1189,Q9NVQ4
1190,Q9GZT6
1191,Q9UK05
1192,Q96GE9
1193,P62316
1194,P57729
1195,P46778
1196,P49914
1197,Q9Y324
1198,Q16644
1199,Q03519
1200,Q9BRZ2
1201,Q9UGJ1
1202,Q8IUE6
1203,Q8N398
1204,Q9P2E3
1205,Q92835
1206,Q569K4
1207,P37198
1208,O95182
1209,Q8N0Z8
1210,P31943
1211,P05386
1212,Q01974
1213,P15531
1214,P40123
1215,Q16763
1216,Q9Y223
1217,Q9ULJ3
1218,O95881
1219,Q92896
1220,P08047
1221,O14757
1222,Q9BRT6
1223,Q8NF50
1224,Q9BXV9
1225,Q9Y3C6
1226,Q8TED1
1227,Q9Y2K6
1228,O95685
1229,P49721
1230,Q13148
1231,Q2PPJ7
1232,Q96EY9
1233,Q99487
1234,Q6NXT4
1235,Q5T8D3
1236,P29558
1237,Q9Y5Y2
1238,P62995
1239,O60573
1240,P49674
1241,P62899
1242,P0DN37
1243,P39060
1244,Q92618
1245,Q9H4I3
1246,P53985
1247,Q9H008
1248,Q9Y4C2
1249,P47755
1250,Q13017
1251,Q9Y4P8
1252,O60826
1253,Q8N490
1254,Q15599
1255,Q96EH3
1256,P84157
1257,Q9Y5J9
1258,Q9Y3D8
1259,P49458
1260,P12259
1261,Q8NBA8
1262,Q14012
1263,Q7Z7H8
1264,P31942
1265,Q9BY50
1266,Q96BX8
1267,Q5H8A4
1268,Q14244
1269,Q9UDY4
1270,Q96AB3
1271,O96011
1272,Q4ADV7
1273,Q8IXJ6
1274,Q8IWT0
1275,O95696
1276,Q6NXG1
1277,Q9Y666
1278,O75122
1279,Q9UPP1
1280,Q8NCF5
1281,Q9NQ50
1282,Q8NBP0
1283,Q3B7T1
1284,Q9UH65
1285,Q8IUW5
1286,P84243
1287,Q9NPL8
1288,P13645
1289,O75170
1290,P61218
1291,Q8WYA0
1292,Q9H6Q4
1293,Q9Y6X3
1294,Q96GN5
1295,O95478
1296,Q9ULH0
1297,Q92990
1298,Q07617
1299,Q9HAU4
1300,P13747
1301,P26447
1302,Q9ULW3
1303,Q9P013
1304,Q9HBF4
1305,Q9Y657
1306,Q2KHR3
1307,Q14978
1308,Q9NWU5
1309,Q15629
1310,Q9H7X3
1311,Q9UGP8
1312,P24468
1313,P40222
1314,Q05823
1315,Q9NXR7
1316,Q04771
1317,P53680
1318,P30049
1319,O95983
1320,Q9UGP4
1321,Q96GD0
1322,Q9NRX4
1323,Q9H479
1324,Q7Z7L7
1325,Q96FJ0
1326,Q8WUU5
1327,Q9NVP2
1328,Q9BPY3
1329,P61604
1330,Q58WW2
1331,O43150
1332,Q15811
1333,Q9NZC9
1334,Q13485
1335,Q06413
1336,Q53H47
1337,Q6NVY1
1338,Q8N3J9
1339,Q8IVS8
1340,Q8WXG1
1341,Q9GZR2
1342,P02452
1343,O14602
1344,P01111
1345,Q5VYY1
1346,Q03426
1347,O95139
1348,Q99747
1349,Q86WA6
1350,Q8N0Z6
1351,Q9UM11
1352,P21291
1353,Q9UBK8
1354,Q9BQ13
1355,Q9H582
1356,Q96S66
1357,Q8NEG4
1358,Q17RS7
1359,O75943
1360,O75570
1361,P61165
1362,Q9H900
1363,Q9Y6V7
1364,O00560
1365,Q86WG5
1366,P20645
1367,Q9Y4C1
1368,Q9UPQ3
1369,O75191
1370,Q15390
1371,Q9BW04
1372,Q14684
1373,Q7Z434
1374,Q8NHV4
1375,O43148
1376,Q08AD1
1377,C4AMC7
1378,Q7L5Y1
1379,Q96K17
1380,Q3MHD2
1381,Q9ULR3
1382,Q15003
1383,Q9ULH1
1384,O60234
1385,O76024
1386,Q9UKA4
1387,Q9Y2L9
1388,Q5T7V8
1389,Q6P6C2
1390,Q13901
1391,P00568
1392,Q14444
1393,Q7Z5Q1
1394,P12110
1395,Q99638
1396,O15127
1397,Q5T160
1398,Q8NCW5
1399,O75521
1400,P31431
1401,Q9HBH1
1402,Q9UBS8
1403,P53675
1404,O43665
1405,P35244
1406,Q9Y3A2
1407,Q9H6U8
1408,Q92636
1409,Q9UQN3
1410,Q9NVT9
1411,O75400
1412,P04259
1413,P07093
1414,Q9UPQ9
1415,P01034
1416,Q9H840
1417,Q01658
1418,Q9BVG9
1419,P21675
1420,O43292
1421,Q14116
1422,P13051
1423,O75354
1424,Q13948
1425,O75438
1426,O14786
1427,P42574
1428,Q8IUH4
1429,P69905
1430,Q9Y478
1431,Q8TBQ9
1432,P12236
1433,Q86YM7
1434,Q9BQ61
1435,Q96SY0
1436,Q9BRX5
1437,Q10567
1438,Q14185
1439,Q9Y244
1440,O95639
1441,Q8NDV7
1442,Q9UK23
1443,P62263
1444,Q9Y6A4
1445,Q76FK4
1446,Q9BWF3
1447,Q15185
1448,Q14691
1449,P07910
1450,Q8NDZ4
1451,Q96G23
1452,Q96GA3
1453,Q9UN71
1454,Q9H977
1455,Q9NP97
1456,Q9HC98
1457,Q9BPX6
1458,P48200
1459,Q13190
1460,Q6FI81
1461,Q9Y6X4
1462,Q6ZU35
1463,P09758
1464,Q16656
1465,Q9H6X2
1466,Q96EY5
1467,Q96RQ1
1468,P30046
1469,P36542
1470,Q6PGP7
1471,Q16831
1472,Q9NQY0
1473,P53609
1474,Q96K19
1475,O43181
1476,P07711
1477,P82970
1478,Q8NC51
1479,Q9HAF1
1480,Q8IX03
1481,Q5VYS8
1482,P02788
1483,Q15646
1484,Q96E52
1485,Q53HL2
1486,P57735
1487,Q8NHH9
1488,P52294
1489,P25788
1490,Q9UJX4
1491,P53814
1492,Q9NWT6
1493,P13196
1494,Q05469
1495,P0C0S5
1496,P82909
1497,P06396
1498,Q96C34
1499,Q9P215
1500,O00592
1501,Q14197
1502,Q7L1T6
1503,Q7L592
1504,P61024
1505,Q92917
1506,Q9UHF1
1507,Q8TF74
1508,P49427
1509,P68036
1510,O75312
1511,Q5TGY3
1512,Q96C01
1513,Q70EL4
1514,Q96JJ3
1515,P08754
1516,P09496
1517,Q12851
1518,P23458
1519,P01024
1520,P55263
1521,P61803
1522,Q58A45
1523,Q6NUQ4
1524,P06746
1525,P18669
1526,P01023
1527,P60903
1528,O43324
1529,O75376
1530,P0CAP2
1531,Q9Y535
1532,P04350
1533,Q7L775
1534,P20226
1535,Q5NDL2
1536,O14662
1537,O00469
1538,Q8WVC6
1539,O75164
1540,Q92562
1541,P00352
1542,Q9H2P9
1543,Q86X53
1544,P01893
1545,P84098
1546,P18074
1547,O43526
1548,Q7Z3U7
1549,P63272
1550,P05771
1551,Q86Y82
1552,O75152
1553,Q15633
1554,Q86TI0
1555,P43405
1556,Q9NPR2
1557,P48651
1558,P58004
1559,Q8NFA0
1560,Q5SQI0
1561,Q8IWB9
1562,P20962
1563,Q86X27
1564,Q9H2K0
1565,Q13671
1566,Q16875
1567,Q8IWR0
1568,Q5UCC4
1569,Q9BVC5
1570,P26572
1571,P98171
1572,Q7Z739
1573,P42696
1574,P55212
1575,Q96QD9
1576,Q96RU2
1577,Q9H469
1578,O43291
1579,Q9UQR1
1580,Q9BXK5
1581,Q13155
1582,Q6ZMZ3
1583,Q9UNX4
1584,Q99611
1585,Q8WWV3
1586,Q9H5V9
1587,Q96EI5
1588,Q86TS9
1589,A2RTX5
1590,P33316
1591,Q6PCE3
1592,O43395
1593,Q14999
1594,O75928
1595,Q96QU8
1596,Q9P287
1597,Q9P244
1598,Q9Y5X2
1599,P19388
1600,Q8N4H5
1601,Q6P2H3
1602,Q96JC9
1603,Q86SX3
1604,Q9P0J0
1605,Q9NWM3
1606,Q9NWK9
1607,P29279
1608,Q9HC36
1609,P51531
1610,Q04756
1611,O96028
1612,Q07002
1613,P62312
1614,P36955
1615,P14373
1616,Q7Z7M9
1617,Q96DE5
1618,Q9BYV8
1619,Q9H0U6
1620,O15438
1621,P42892
1622,O75600
1623,Q9BRP1
1624,O00160
1625,Q9H2K8
1626,Q7Z3E2
1627,P61020
1628,Q9BRJ6
1629,Q8N4P3
1630,Q53GQ0
1631,P62753
1632,P62910
1633,P62917
1634,Q96IZ5
1635,Q9UK33
1636,Q9BZ95
1637,O00257
1638,Q99442
1639,Q9Y3A4
1640,Q15018
1641,Q15120
1642,P00167
1643,O75592
1644,Q9BRG1
1645,Q93063
1646,Q58FG1
1647,O75935
1648,Q96T58
1649,Q96FZ2
1650,Q13214
1651,Q3ZCM7
1652,Q7Z7E8
1653,Q15526
1654,O95167
1655,P0C0L5
1656,P67809
1657,P52790
1658,Q5TZA2
1659,O75896
1660,Q8N5K1
1661,P46108
1662,Q04941
1663,Q14004
1664,Q7Z4F1
1665,P49207
1666,Q8TB22
1667,P46779
1668,Q8IV38
1669,Q9NV96
1670,P48556
1671,Q8TAA9
1672,P30613
1673,Q9H9L3
1674,O00142
1675,P52907
1676,Q5TBB1
1677,Q9UKX7
1678,Q15404
1679,O14933
1680,Q96HA7
1681,Q53EP0
1682,P11441
1683,Q9NUM4
1684,Q5JSL3
1685,P61077
1686,Q9Y3F4
1687,Q15582
1688,Q7L3B6
1689,P51854
1690,Q8IWY9
1691,Q16773
1692,P49720
1693,Q96CS2
1694,Q8NCE2
1695,Q86SK9
1696,Q9Y312
1697,P62310
1698,Q01085
1699,Q8N806
1700,Q8WXD5
1701,O60303
1702,Q86SQ0
1703,Q7Z7K6
1704,Q9UKB1
1705,Q9BS26
1706,P83111
1707,Q96IW7
1708,Q13685
1709,O43251
1710,P62256
1711,Q13415
1712,Q6UW78
1713,Q7Z4H3
1714,P62266
1715,Q96ST2
1716,O43402
1717,O75175
1718,P63096
1719,P50452
1720,P00813
1721,P61960
1722,Q9P0J1
1723,P30626
1724,O76054
1725,Q7Z333
1726,Q9HCK8
1727,Q6EEV6
1728,Q92572
1729,Q15418
1730,Q9NXA8
1731,Q86V85
1732,Q9NRS6
1733,O75691
1734,Q5SNT2
1735,Q8N2S1
1736,O95486
1737,O43768
1738,Q16778
1739,P10606
1740,Q6PJG2
1741,Q14676
1742,P78357
1743,P55036
1744,P02792
1745,P55011
1746,Q8N653
1747,Q5JS54
1748,Q8TCF1
1749,Q8NEZ2
1750,P14317
1751,P23508
1752,Q15904
1753,Q9Y487
1754,Q6IPR3
1755,Q9Y2S2
1756,Q9BQB6
1757,Q9BX68
1758,O43447
1759,P86790
1760,P61962
1761,O14880
1762,Q14157
1763,P24592
1764,P84085
1765,Q9BYB4
1766,P50148
1767,P85037
1768,Q14320
1769,Cell_viability%_(cck8Drug-blk)/(control-blk)*100
1770,P60604
1771,Q8TBF4
1772,Q9BX70
1773,Q5RKV6
1774,O14841
1775,O95684
1776,Q9BQL6
1777,Q9BWD1
1778,Q9Y5Z4
1779,P18077
1780,Q16890
1781,Q6DKK2
1782,P15153
1783,P62701
1784,Q96EP5
1785,O60262
1786,P00374
1787,Q96JQ2
1788,A7E2V4
1789,Q7Z403
1790,P16989
1791,Q9ULJ8
1792,P22413
1793,Q9H3H3
1794,Q5TFE4
1795,Q96HY7
1796,Q9P1Y6
1797,Q6ZN18
1798,Q96P70
1799,O75414
1800,Q6I9Y2
1801,Q9H444
1802,P80188
1803,P38435
1804,P12109
1805,Q16651
1806,Q9NX61
1807,Q9BQA9
1808,O96017
1809,Q5JXC2
1810,Q96JB2
1811,P46821
1812,Q13630
1813,P08579
1814,Q9H930
1815,Q8TCU6
1816,P11274
1817,Q9Y6D6
1818,P46781
1819,Q6DHV7
1820,Q15119
1821,P01008
1822,Q9NVZ3
1823,Q8IWT3
1824,Q96GW9
1825,Q8TDJ6
1826,Q9NW08
1827,Q96EY8
1828,Q9NZJ4
1829,Q15063
1830,Q15847
1831,P08134
1832,Q53FT3
1833,Q8TCE6
1834,Q8NFG4
1835,Q9H1Z4
1836,Q8IWZ3
1837,A2RUC4
1838,P55789
1839,Q8TEQ8
1840,Q96Q07
1841,Q8NFZ0
1842,P23443
1843,Q2PZI1
1844,Q9NUQ3
1845,Q9BRU9
1846,Q8N9R8
1847,Q96JG6
1848,Q8WUX1
1849,P50225
1850,P43307
1851,P22694
1852,P47989
1853,Q9HCE5
1854,Q14CZ7
1855,P20827
1856,O15260
1857,P62841
1858,Q15637
1859,Q13951
1860,Q9Y3L5
1861,Q7Z392
1862,Q9H974
1863,Q96II8
1864,Q9BXK1
1865,Q14108
1866,P41208
1867,Q6P158
1868,Q92522
1869,P46976
1870,P29034
1871,Q9BQ90
1872,O75128
1873,P49841
1874,Q66LE6
1875,P35625
1876,P17066
1877,Q14643
1878,O15126
1879,O95563
1880,Q8WUH6
1881,Q5SVZ6
1882,P53803
1883,Q14749
1884,Q9H0U3
1885,P78417
1886,P61978
1887,P62857
1888,P62328
1889,Q8WW01
1890,P33552
1891,Q9BV20
1892,Q8WUQ7
1893,P29323
1894,Q96EQ0
1895,P00734
1896,Q01581
1897,Q9Y2H5
1898,P60709
1899,Q9BYC5
1900,A6NKD9
1901,Q8N5D0
1902,Q2TAZ0
1903,Q96EV8
1904,Q9ULD2
1905,Q9Y546
1906,Q9NS86
1907,Q8TD16
1908,Q6P1A2
1909,Q9BRP8
1910,Q6EEV4
1911,Q02543
1912,P24844
1913,Q8WU10
1914,Q86Y07
1915,Q6ULP2
1916,Q86XX4
1917,O95298
1918,Q96C90
1919,Q96KF7
1920,Q8WUD1
1921,Q9NV88
1922,Q9H0R4
1923,O95429
1924,Q92485
1925,O76075
1926,Q6YN16
1927,Q92667
1928,P08670
1929,Q14512
1930,Q8N108
1931,Q8ND90
1932,Q9Y484
1933,P22223
1934,P13987
1935,Q9NRV9
1936,Q9GZY8
1937,Q9BVM2
1938,O00625
1939,Q8NCE0
1940,P04264
1941,P61968
1942,Q9NYR9
1943,Q6PCB5
1944,Q9Y3Q3
1945,P57721
1946,Q9Y679
1947,Q9UKI8
1948,P84090
1949,O14828
1950,Q9Y303
1951,Q9BVC3
1952,Q15102
1953,Q13509
1954,Q9H9Y2
1955,Q86US8
1956,Q9BUL8
1957,P04406
1958,P49459
1959,Q6P087
1960,P37108
1961,Q8TE77
1962,P14854
1963,Q96CU9
1964,Q13287
1965,Q96KM6
1966,P16930
1967,Q96NU7
1968,Q9NXD2
1969,Q9BSB4
1970,O75251
1971,O14641
1972,O15056
1973,Q9NRN9
1974,Q9Y4E5
1975,Q07666
1976,Q9Y237
1977,O14735
1978,Q99807
1979,Q8IWR1
1980,P50750
1981,Q8WVL7
1982,Q99523
1983,O15264
1984,O75792
1985,Q9BUR4
1986,Q5VV42
1987,Q9BZG8
1988,O14907
1989,Q9Y3Q8
1990,Q9Y617
1991,Q14011
1992,Q9Y3P9
1993,O14653
1994,P07305
1995,Q96QG7
1996,Q9NY27
1997,O43900
1998,P54252
1999,Q8IWF6
2000,Q6P9B9
2001,O75208
2002,Q7RTN6
2003,Q9H7C9
2004,Q9NY35
2005,Q15021
2006,Q14696
2007,Q5SRI9
2008,Q9C005
2009,Q96S82
2010,Q5BKY9
2011,Q14831
2012,P01116
2013,P39019
2014,O94964
2015,Q70IA6
2016,Q9Y228
2017,Q7Z5U6
2018,Q7Z4H7
2019,Q7Z4G1
2020,P16152
2021,P23588
2022,Q02878
2023,Q15776
2024,O00767
2025,P62888
2026,Q96GC9
2027,Q9BWN1
2028,Q14766
2029,P51572
2030,O15240
2031,Q9NWH9
2032,P23246
2033,P46100
2034,Q9Y3C8
2035,Q9Y508
2036,Q9BSK2
2037,Q15061
2038,Q06187
2039,Q9Y3C1
2040,P13637
2041,P84077
2042,Q9NWQ9
2043,Q00325
2044,Q712K3
2045,Q9NQX7
2046,Q9Y3B9
2047,O60870
2048,O94992
2049,P16104
2050,Q13641
2051,Q9H496
2052,Q9UN36
2053,Q7Z6M4
2054,Q9UPT5
2055,P49354
2056,Q6NXT1
2057,Q8N128
2058,P19021
2059,P08708
2060,Q15843
2061,Q684P5
2062,O75382
2063,Q9Y3L3
2064,Q6P1X5
2065,P61758
2066,P22670
2067,Q9NPE2
2068,Q4KMQ1
2069,Q6UVK1
2070,Q6SJ93
2071,Q9NSV4
2072,Q07020
2073,P62277
2074,Q15438
2075,P20248
2076,P51825
2077,Q13158
2078,Q53HC9
2079,O00750
2080,Q6ZSZ5
2081,Q96L96
2082,P13804
2083,Q13162
2084,P18085
2085,O75695
2086,Q96B26
2087,Q7Z7F7
2088,O75486
2089,Q99757
2090,P17568
2091,Q9H3K6
2092,Q9BVV7
2093,Q6PHR2
2094,Q15287
2095,Q9UPP5
2096,Q7Z5L9
2097,Q8IYH5
2098,P36507
2099,O75864
2100,Q71DI3
2101,Q9Y2W6
2102,Q9HBI1
2103,P27448
2104,Q9UK97
2105,Q15032
2106,Q9BY11
2107,O00221
2108,Q9NWX5
2109,O00339
2110,Q8N4Q1
2111,Q9H6U6
2112,Q15121
2113,Q96DG6
2114,P49757
2115,Q9UIW2
2116,O43670
2117,Q9NYZ3
2118,Q96QR8
2119,O95372
2120,Q9BUN8
2121,Q9BY32
2122,Q13126
2123,Q9UMS4
2124,Q8NFJ5
2125,P52292
2126,Q96IU4
2127,Q9H8Y8
2128,O95340
2129,P02794
2130,Q13418
2131,Q14118
2132,Q15773
2133,Q6UW68
2134,Q9NQ86
2135,Q13472
2136,Q6PJI9
2137,Q9NRZ5
2138,Q92734
2139,P21953
2140,Q9P1F3
2141,P51153
2142,P61313
2143,Q96Q05
2144,Q92796
2145,Q15910
2146,Q8NAN2
2147,Q5XKP0
2148,O14818
2149,Q9BSF4
2150,O95169
2151,Q92520
2152,Q6IWH7
2153,Q9BQC6
2154,Q9BRS8
2155,P50579
2156,P13284
2157,Q9Y4C8
2158,Q53EZ4
2159,Q14247
2160,O95785
2161,Q96DH6
2162,O95407
2163,Q9UBU8
2164,O43318
2165,Q9BW83
2166,P51946
2167,P02686
2168,P30414
2169,Q9NX76
2170,P25440
2171,Q96RF0
2172,Q96E29
2173,Q13751
2174,Q99571
2175,P61619
2176,O75143
2177,Q9UBL3
2178,Q13325
2179,P62826
2180,Q8NEU8
2181,Q9H2P0
2182,Q96JY6
2183,P0DPD7
2184,Q6ZYL4
2185,P09960
2186,Q9NX20
2187,P43155
2188,Q9H0K6
2189,O75506
2190,Q9BVC6
2191,P17900
2192,Q9H5I1
2193,P35268
2194,Q8NA72
2195,Q15596
2196,P06730
2197,P08236
2198,P32969
2199,Q96PC3
2200,Q08426
2201,O15145
2202,O75037
2203,P23142
2204,Q01432
2205,P13646
2206,P55957
2207,Q92804
2208,O15258
2209,P54652
2210,Q9H8S9
2211,Q99808
2212,Q5VIR6
2213,Q8TBC3
2214,P29373
2215,Q14161
2216,Q13952
2217,P68871
2218,Q13123
2219,Q6NTF9
2220,Q9UKY7
2221,P52943
2222,A6NHL2
2223,O43581
2224,Q9UL15
2225,O43432
2226,O76070
2227,Q9BUB7
2228,Q9NQ88
2229,O95747
2230,Q03169
2231,Q8NDH3
2232,Q5JSZ5
2233,P24593
2234,P05362
2235,P11047
2236,A1L188
2237,Q9HBM1
2238,P61764
2239,O43422
2240,Q9BT09
2241,P28370
2242,Q9Y6Y0
2243,Q96QD8
2244,P40855
2245,P27797
2246,A0AVF1
2247,Q96EU6
2248,Q8TBB5
2249,Q9Y6C9
2250,Q15751
2251,P62330
2252,Q9UGN5
2253,Q96FN4
2254,Q9HB58
2255,Q8IXZ2
2256,Q96BW5
2257,Q9H0Z9
2258,Q99436
2259,Q9HD26
2260,P60866
2261,Q6P2C8
2262,Q9BTX1
2263,P00749
2264,Q6NUK4
2265,Q13277
2266,Q8IY21
2267,O94886
2268,Q5VTL8
2269,P19823
2270,Q14147
2271,Q9BV79
2272,O14787
2273,P00918
2274,Q15651
2275,Q8NFH4
2276,Q96IY1
2277,Q9Y6R0
2278,O15121
2279,P24385
2280,Q9Y3A6
2281,P55345
2282,Q96AJ9
2283,Q12974
2284,Q9NPF5
2285,Q13620
2286,P0C870
2287,Q9H4G4
2288,P41567
2289,P42336
2290,Q9H3K2
2291,Q9NYB9
2292,P61018
2293,Q9UIV1
2294,Q08170
2295,P53384
2296,Q8N884
2297,P61224
2298,Q9C004
2299,P02768
2300,Q9NX08
2301,O60220
2302,Q9NVV4
2303,P19387
2304,Q01650
2305,O75503
2306,P32856
2307,Q5SSJ5
2308,A8MXV4
2309,P80303
2310,Q24JP5
2311,Q7Z698
2312,Q7Z4W1
2313,Q96G21
2314,Q9UL46
2315,P13716
2316,Q8IUX4
2317,P63313
2318,Q9UPN9
2319,P41223
2320,O76062
2321,O75683
2322,Q8WWH5
2323,P43487
2324,Q8NCH0
2325,P42680
2326,O43490
2327,P49756
2328,Q9H446
2329,P10412
2330,Q8IUC6
2331,Q9Y3B7
2332,Q9BRQ0
2333,Q9NXS2
2334,P09914
2335,O43819
2336,Q04446
2337,P13611
2338,P51553
2339,Q5VWQ0
2340,Q15005
2341,P49796
2342,Q6ZU80
2343,Q86VP3
2344,P49023
2345,Q96F24
2346,Q9Y4Y9
2347,Q5TAQ9
2348,Q9Y2H6
2349,O00443
2350,O43427
2351,Q6Y288
2352,O75529
2353,P15407
2354,P42766
